Product URL,Breadcrumb(Category),Category,Product name,Pricing,Image URL,Available size,Sense of the size,Coordinated Product,Title of description,General Description of the product,general_description_itemization_list,Tale Of Size,Rating,Number Of Reviews,Recommended rate,User Review,Sense of Fitting/Rating,Appropriation of Length/Rating,Quality of material/Rating,Comfort,KWs
https://shop.adidas.jp/products/ID1531/,"トップ,メンズ,シューズ・靴,スニーカー,オリジナルス,NMD,HU NMD ANIMAL PRINT",メンズ,HU NMD ANIMAL PRINT,"31,900","https://shop.adidas.jp/photo/ID/ID1531/s-ID1531-standard-side_lateral_center_view-1ykpjV2lqq.jpg,https://shop.adidas.jp/photo/ID/ID1531/s-ID1531-standard-top_portrait_view-P45v9hTfi7.jpg,https://shop.adidas.jp/photo/ID/ID1531/s-ID1531-standard-bottom_view-xywo348Hr0.jpg,https://shop.adidas.jp/photo/ID/ID1531/s-ID1531-standard-front_lateral_top_view-QwCky3yxl6.jpg,https://shop.adidas.jp/photo/ID/ID1531/s-ID1531-standard-back_lateral_top_view-8aJ2tEXr9z.jpg,https://shop.adidas.jp/photo/ID/ID1531/s-ID1531-standard-side_medial_center_view-cYvAzDC9UI.jpg,https://shop.adidas.jp/photo/ID/ID1531/s-ID1531-standard-pair_view-NbbypKO873.jpg,https://shop.adidas.jp/photo/ID/ID1531/s-ID1531-standard-detail_view_1-R4SZylQ9yR.jpg,https://shop.adidas.jp/photo/ID/ID1531/s-ID1531-standard-detail_view_2-q0s433RoLz.jpg",,,,ファレル・ウィリアムスとアディダスのコラボレーションによる、鮮やかで個性的なアニマルプリントのスニーカー。,音楽にとどまらず、活躍の場を広げてきたマルチな才能を持つファレル・ウィリアムス。そんな多才なファレルとのコラボから誕生した、チータープリントがユニークなNMDシューズは、自己表現の飽くなき探求と、限界を打ち破ることを念頭にデザインされた。自然にインスパイアされた色使いが、アイコニックなNMDシリーズに新たなエネルギーと奥行きをもたらし、ラグジュアリーなモデルに仕上がった。独特の風合いとデザインに深みを生む、刺しゅうのディテールを添えている。ミッドフットのTPUケージがサポート力を発揮。リフレクター仕様のロープタイプか付属のポップなカラーか、スタイルに合わせて好きなシューレースを選べる。,"シューレースクロージャー,adidas PRIMEKNIT テキスタイルアッパー,BOOSTミッドソール,テキスタイルライニング,ラバーアウトソール,商品番号：ID1531,色：アッシュ/ミディアムグレーヘザーソリッドグレー/コアブラック",,,,,,,,,,"シューズ・靴,スニーカー,オリジナルス,NMD,ローカット,ブースト,プライムニット,LPU73"
https://shop.adidas.jp/products/GX4427/,"トップ,シューズ・靴,スニーカー,オリジナルス,スタンスミス,INI着用商品 スタンスミス GORE-TEX / Stan Smith GORE-TEX",オリジナルス,INI着用商品 スタンスミス GORE-TEX / STAN SMITH GORE-TEX,"16,500","https://shop.adidas.jp/photo/GX/GX4427/s-GX4427-standard-side_lateral_center_view-S5NP4BNqMm.jpg,https://shop.adidas.jp/photo/GX/GX4427/s-GX4427-31-fWSeYQle1v.jpg,https://shop.adidas.jp/photo/GX/GX4427/s-GX4427-71-5mbo89O4OT.jpg,https://shop.adidas.jp/photo/GX/GX4427/s-GX4427-72-ZdGnKqfMZC.jpg,https://shop.adidas.jp/photo/GX/GX4427/s-GX4427-73-6VCh3WeXFs.jpg,https://shop.adidas.jp/photo/GX/GX4427/s-GX4427-74-PD4cRXjnP8.jpg,https://shop.adidas.jp/photo/GX/GX4427/s-GX4427-75-JA45lumUg8.jpg,https://shop.adidas.jp/photo/GX/GX4427/s-GX4427-76-Cj9rDqVtP9.jpg","22.0cm,22.5cm,23.0cm,23.5cm,24.0cm,24.5cm,25.0cm,25.5cm,26.0cm,26.5cm,27.0cm,27.5cm,28.0cm,28.5cm,29.0cm,29.5cm,30.0cm",,,リサイクル素材を一部使用した、GORE-TEX®オーバーレイを配したシューズ。,"天気に合わせて唯一変えなければならないのは、コーディネート。計画ではない。選ぶべきは、このスタンスミス。予測不可能な天気にも対応できるアッパーは、GORE-TEX®のオーバーレイを配しているから、靴の中まで水が染み込みにくい。半透明のアウトソールとリフレクター仕様のシューレースがアクセント。

この製品は、アッパーに50%以上のリサイクル素材を使用するなど、プラスチック廃棄物ゼロを目指すアディダスの取り組みの一つをカタチにしたもの。","レギュラーフィット,シューレースクロージャー,GORE-TEXオーバーレイを配したテキスタイルアッパー,合成皮革ライニング,ラバーアウトソール,アッパーのリサイクル素材含有率は50%以上,商品番号：GX4427,色：ミネラルレッド/ナイトレッド/コアブラック",,,,,,,,,,"シューズ・靴,スニーカー,オリジナルス,スタンスミス,ローカット,ゴアテックス,防水・撥水,LJB63"
https://shop.adidas.jp/products/HS5759/,"トップ,メンズ,サッカー,ウェア・服,トップス,ユニフォーム,サッカー日本代表 スペシャルコレクション ジャージー 番号付き",メンズ,サッカー日本代表 スペシャルコレクション ジャージー 番号付き,"8,250","https://shop.adidas.jp/photo/HS/HS5759/s-HS5759-31-GZXty4q41z.jpg,https://shop.adidas.jp/photo/HS/HS5759/s-HS5759-32-l2QzNkUVnh.jpg,https://shop.adidas.jp/photo/HS/HS5759/s-HS5759-33-GmzdQawXvO.jpg,https://shop.adidas.jp/photo/HS/HS5759/s-HS5759-34-7zmSigo2aB.jpg,https://shop.adidas.jp/photo/HS/HS5759/s-HS5759-35-Xi9Rnv25Rs.jpg,https://shop.adidas.jp/photo/HS/HS5759/s-HS5759-36-9FoEzk9tog.jpg,https://shop.adidas.jp/photo/HS/HS5759/s-HS5759-37-bV1kMXHHfa.jpg,https://shop.adidas.jp/photo/HS/HS5759/s-HS5759-38-2qArqpoQyt.jpg,https://shop.adidas.jp/photo/HS/HS5759/s-HS5759-on_model-standard_view-idgk19SddH.jpg,https://shop.adidas.jp/photo/HS/HS5759/s-HS5759-on_model-back_view-FZprs4EIbd.jpg,https://shop.adidas.jp/photo/HS/HS5759/s-HS5759-on_model-walking_view-1O3RWPND33.jpg,https://shop.adidas.jp/photo/HS/HS5759/s-HS5759-3d_torso-front_center_view-MtxT2a1tbQ.jpg,https://shop.adidas.jp/photo/HS/HS5759/s-HS5759-3d_torso-back_center_view-ZCP0Oq5B0v.jpg,https://shop.adidas.jp/photo/HS/HS5759/s-HS5759-on_model-detail_view_1-wX4NYkgTWq.jpg,https://shop.adidas.jp/photo/HS/HS5759/s-HS5759-on_model-detail_view_2-dHnQe40Ub7.jpg","XS,S,M,L,XL,2XL",,"[('サッカー日本代表 スペシャルコレクション ショーツ 番号付き', '8,250', 'HS5799', 'https://shop.adidas.jp/photo/HS/HS5799/s-HS5799-31-OSri3E51xK.jpg', 'https://shop.adidas.jp/products/HS5799/')]",「KENZO」アーティスティックディレクターであり、「HUMAN MADE」デザイナーのNIGO®氏の協力を得て実現したスペシャルコレクション。,鮮やかなピンクとグリーンの配色が際立つユニフォーム。ピッチで爽やかな着心地を維持するために、軽量ファブリックにクールな着心地をもたらすHEAT. RDYを搭載している。FIFA World Cup™の開催年である2022年を意味する、「22」の数字を採用し、後ろ襟の内側には手書き風のサインオフを配置。このユニフォームは、プラスチックゴミ ゼロの未来のために、海岸などで回収したプラスチック廃棄物をアップサイクルして生まれたパーレイ・オーシャン・プラスチックを50％含む糸で作られている。商品全体で、40％以上のリサイクル素材を使用。,"スリムフィット,リブ仕上げのクルーネック,リサイクルポリエステル100%（ジャカード）,HEAT. RDY,サイドにメッシュインサート,ドロップテールの裾,サッカー日本代表のエンブレムを熱転写,パーレイ・オーシャン・プラスチックを50%含む糸を使用,全体でリサイクル素材を40%以上使用したウェア,商品番号：HS5759,色：ワンダーモーブ/クルーグリーン,生産国：Vietnam","{'胸囲': {'XS': '90cm', 'S': '93cm', 'M': '98cm', 'L': '100cm', 'XL': '105cm', '2XL': '111cm'}, 'うしろ着丈': {'XS': '75cm', 'S': '75cm', 'M': '76cm', 'L': '77cm', 'XL': '78cm', '2XL': '79cm'}, '袖丈': {'XS': '34cm', 'S': '35cm', 'M': '36cm', 'L': '36cm', 'XL': '37cm', '2XL': '39cm'}, '袖口幅': {'XS': '32cm', 'S': '33cm', 'M': '33cm', 'L': '34cm', 'XL': '35cm', '2XL': '36cm'}}",,,,,,,,,"ウェア・服,トップス,ユニフォーム,サッカー,フットサル,半袖,サッカー日本代表,南野 拓実,原口 元気,浅野 拓磨,久保 建英,パーレイ,プライムブルー,プライムグリーン,リサイクル素材,サッカーウェア・服,フットサルウェア・服,EFD56"
https://shop.adidas.jp/products/FX5501/,"トップ,シューズ・靴,スニーカー,オリジナルス,スタンスミス PRIMEGREEN,INI着用商品 スタンスミス / Stan Smith",オリジナルス,INI着用商品 スタンスミス / STAN SMITH,"10,890","https://shop.adidas.jp/photo/FX/FX5501/s-FX5501-standard-side_lateral_center_view.jpg,https://shop.adidas.jp/photo/FX/FX5501/s-FX5501-31-Qa3TgXMKKI.jpg,https://shop.adidas.jp/photo/FX/FX5501/s-FX5501-71-XRyCI1e9OD.jpg,https://shop.adidas.jp/photo/FX/FX5501/s-FX5501-73-TDxuhlKluu.jpg,https://shop.adidas.jp/photo/FX/FX5501/s-FX5501-74-iVflGVsg2u.jpg,https://shop.adidas.jp/photo/FX/FX5501/s-FX5501-75-hzkUSWNawR.jpg,https://shop.adidas.jp/photo/FX/FX5501/s-FX5501-76-MStyZCKfJk.jpg,https://shop.adidas.jp/photo/FX/FX5501/s-FX5501-32-4kvFbZnnmh.jpg,https://shop.adidas.jp/photo/FX/FX5501/s-FX5501-standard-top_portrait_view.jpg,https://shop.adidas.jp/photo/FX/FX5501/s-FX5501-standard-bottom_view.jpg,https://shop.adidas.jp/photo/FX/FX5501/s-FX5501-standard-front_lateral_top_view.jpg,https://shop.adidas.jp/photo/FX/FX5501/s-FX5501-standard-side_medial_center_view.jpg,https://shop.adidas.jp/photo/FX/FX5501/s-FX5501-standard-mirrored_pair_view.jpg,https://shop.adidas.jp/photo/FX/FX5501/s-FX5501-standard-detail_view_1.jpg,https://shop.adidas.jp/photo/FX/FX5501/s-FX5501-standard-detail_view_2.jpg","22.0cm,22.5cm,23.0cm,23.5cm,24.0cm,24.5cm,25.0cm,25.5cm,26.0cm,26.5cm,27.0cm,27.5cm,28.0cm,28.5cm,29.0cm,29.5cm,30.0cm,30.5cm,31.0cm","小さめ,適切,大きめ,",,"不朽の名作、
永遠のアイコニック。スタンスミスは、サステナブルへ。","タイムレスでエフォートレスなスタイルだから、どんなコーデも自由自在。スタンスミスは約50年にわたり、ブランドのアイコンとして大きな存在感を放ってきた。このシューズが、2024年までに使用するポリエステルを再生材料のみにするというアディダスの取り組みに合わせてリニューアル。ヴィーガンアッパーに、廃棄ゴムから作られたアウトソールを合わせ、アイコニックなデザインはそのままに、地球環境に配慮したモデルに一新された。

この製品は、動物由来の成分や素材を使用していないヴィーガン仕様。また、高機能リサイクル素材シリーズの一つ、プライムグリーンを採用している。アッパー部分の50%はリサイクル素材でできていて、バージンポリエステルは不使用。","レギュラーフィット,シューレースクロージャー,合成ライニング,ラバーアウトソール,ヴィ―ガン素材,ランニングチェンジにより、インソール部分の仕様が異なる場合がございます,商品番号：FX5501,色：フットウェアホワイト/フットウェアホワイト/カレッジネイビー,生産国：India,Indonesia,Myanmar,Vietnam",,4.4,84,93%,"[('2022-03-10', '4.4 ', '', '以前からスタンスミスを履いていて、今回も購入しました。この靴は遊び心がある商品に思えたので、思い切って購入しました。履き心地は合成皮革なので、天然皮革より固めです。', 'Rickey'), ('2021-07-07', '4 ', '本革から合皮に変わった', '本革から合皮に変わって履き心地が落ちたと感じる。全体に硬く柔軟性がないからキツく感じる。またその影響なのか靴ひもが短くなったように感じるようになった。今後買うことは無くなると思った。', 'GOLGOsan'), ('2021-03-28', '1 ', 'スタンスミス使用一ヶ月', '通勤用に購入。スラックスに合わせて履いていくのに見た目の違和感はない。歩いていて足裏の感覚がよく快適。耐久性はまだわからないが、よければこれからもレギュラー靴として履き続けたい。', 'yamasuki'), ('2022-06-07', '5 ', '好きなアイドルがこちらを履いてました', 'キレイめな服装にも違和感なく合わせられます。\nサイズは普段25なのですがスタンスミスは若干作りが大きいので24.5でちょうど良かったです。\n歩きやすいし可愛いしで絶対またリピートします。', 'mochi'), ('2021-05-29', '5 ', 'ちょっと質感落ちました？', '今履いているSSがダメになりそうなので購入しました。前に買ったものより素材の質感が落ちた気がしますがたくさん種類があるので同じ品番かもよくわかりません。', 'YokohamaKN'), ('2022-03-26', '4 ', 'とにかく歩く安いです。', '足の幅が広くて、痛くなるのですがスタンスミスはしっかりフィットして痛くなりにくいです。かといってブカブカではなく、しっかりとした履き心地で7足目です。', 'szktaka'), ('2021-07-17', '5 ', '', '初サステナブル。少し硬い気がします。\nそのうち馴染んでくるのか、耐久性はまだわかりませんが、クッションは良く、雨でも気にせず履けるのはいいです。', 'chocooooh'), ('2021-09-09', '4 ', '納得です。', 'これでノーマルのSMを購入するのは3足目。普遍的なデザインでなんにでも合わせられるのがすごいです。\nこれからも買い続けます。\n強いて言えばもう少し安くあって欲しい。', 'KATSUO'), ('2021-04-15', '4 ', 'ヘビロテしてます！', '見た目が可愛くて素材も珍しいので、周りの人や職場のお客さんに可愛いと評判です。真っ黒だけど見た目が重くなり過ぎないスニーカーを探していて一目惚れしました。', '匿名'), ('2021-04-07', '5 ', 'どんなも服装にも合うので持っていて損のない一足。', '通勤にもお出かけにも。', 'omikuosushe')]",3 / 5,3 / 5,3.8 / 5,4 / 5,"シューズ・靴,スニーカー,オリジナルス,スタンスミス PRIMEGREEN,MADE ORIGINALS,スタンスミス,ローカット,プライムグリーン,リサイクル素材,ヴィーガン,LDJ01"
https://shop.adidas.jp/products/FX5500/,"トップ,シューズ・靴,スニーカー,オリジナルス,スタンスミス PRIMEGREEN,スタンスミス / Stan Smith",オリジナルス,スタンスミス / STAN SMITH,"10,890","https://shop.adidas.jp/photo/FX/FX5500/s-FX5500-standard-side_lateral_center_view.jpg,https://shop.adidas.jp/photo/FX/FX5500/s-FX5500-standard-top_portrait_view.jpg,https://shop.adidas.jp/photo/FX/FX5500/s-FX5500-standard-side_lateral_view.jpg,https://shop.adidas.jp/photo/FX/FX5500/s-FX5500-standard-bottom_view.jpg,https://shop.adidas.jp/photo/FX/FX5500/s-FX5500-standard-front_lateral_top_view.jpg,https://shop.adidas.jp/photo/FX/FX5500/s-FX5500-standard-side_medial_center_view.jpg,https://shop.adidas.jp/photo/FX/FX5500/s-FX5500-standard-mirrored_pair_view.jpg,https://shop.adidas.jp/photo/FX/FX5500/s-FX5500-standard-detail_view_2.jpg","22.0cm,22.5cm,23.0cm,23.5cm,24.0cm,24.5cm,25.0cm,25.5cm,26.0cm,26.5cm,27.0cm,27.5cm,28.0cm,28.5cm,29.0cm,29.5cm,30.0cm,30.5cm,31.0cm","小さめ,適切,大きめ,",,不朽の名作、永遠のアイコニック。スタンスミスは、サステナブルへ。,"タイムレスでエフォートレスなスタイルだから、どんなコーデも自由自在。スタンスミスは約50年にわたり、ブランドのアイコンとして大きな存在感を放ってきた。このシューズが、2024年までに使用するポリエステルを再生材料のみにするというアディダスの取り組みに合わせてリニューアル。ヴィーガンアッパーに、廃棄ゴムから作られたアウトソールを合わせ、アイコニックなデザインはそのままに、地球環境に配慮したモデルに一新された。

この製品は、動物由来の成分や素材を使用していないヴィーガン仕様。また、高機能リサイクル素材シリーズの一つ、プライムグリーンを採用している。アッパー部分の50%はリサイクル素材でできていて、バージンポリエステルは不使用。","レギュラーフィット,シューレースクロージャー,合成ライニング,ラバーアウトソール,ヴィ―ガン素材,ランニングチェンジにより、インソール部分の仕様が異なる場合がございます,商品番号：FX5500,色：フットウェアホワイト/フットウェアホワイト/コアブラック,生産国：India,Vietnam",,4.4,84,93%,"[('2022-03-10', '4.4 ', '', '以前からスタンスミスを履いていて、今回も購入しました。この靴は遊び心がある商品に思えたので、思い切って購入しました。履き心地は合成皮革なので、天然皮革より固めです。', 'Rickey'), ('2021-07-07', '4 ', '本革から合皮に変わった', '本革から合皮に変わって履き心地が落ちたと感じる。全体に硬く柔軟性がないからキツく感じる。またその影響なのか靴ひもが短くなったように感じるようになった。今後買うことは無くなると思った。', 'GOLGOsan'), ('2021-03-28', '1 ', 'スタンスミス使用一ヶ月', '通勤用に購入。スラックスに合わせて履いていくのに見た目の違和感はない。歩いていて足裏の感覚がよく快適。耐久性はまだわからないが、よければこれからもレギュラー靴として履き続けたい。', 'yamasuki'), ('2022-06-07', '5 ', '好きなアイドルがこちらを履いてました', 'キレイめな服装にも違和感なく合わせられます。\nサイズは普段25なのですがスタンスミスは若干作りが大きいので24.5でちょうど良かったです。\n歩きやすいし可愛いしで絶対またリピートします。', 'mochi'), ('2021-05-29', '5 ', 'ちょっと質感落ちました？', '今履いているSSがダメになりそうなので購入しました。前に買ったものより素材の質感が落ちた気がしますがたくさん種類があるので同じ品番かもよくわかりません。', 'YokohamaKN'), ('2022-03-26', '4 ', 'とにかく歩く安いです。', '足の幅が広くて、痛くなるのですがスタンスミスはしっかりフィットして痛くなりにくいです。かといってブカブカではなく、しっかりとした履き心地で7足目です。', 'szktaka'), ('2021-07-17', '5 ', '', '初サステナブル。少し硬い気がします。\nそのうち馴染んでくるのか、耐久性はまだわかりませんが、クッションは良く、雨でも気にせず履けるのはいいです。', 'chocooooh'), ('2021-09-09', '4 ', '納得です。', 'これでノーマルのSMを購入するのは3足目。普遍的なデザインでなんにでも合わせられるのがすごいです。\nこれからも買い続けます。\n強いて言えばもう少し安くあって欲しい。', 'KATSUO'), ('2021-04-15', '4 ', 'ヘビロテしてます！', '見た目が可愛くて素材も珍しいので、周りの人や職場のお客さんに可愛いと評判です。真っ黒だけど見た目が重くなり過ぎないスニーカーを探していて一目惚れしました。', '匿名'), ('2021-04-07', '5 ', 'どんなも服装にも合うので持っていて損のない一足。', '通勤にもお出かけにも。', 'omikuosushe')]",3 / 5,3 / 5,3.8 / 5,4 / 5,"シューズ・靴,スニーカー,オリジナルス,スタンスミス PRIMEGREEN,MADE ORIGINALS,スタンスミス,ローカット,プライムグリーン,リサイクル素材,ヴィーガン,LDJ01"
https://shop.adidas.jp/products/H06665/,"トップ,メンズ,ウェア・服,トップス,パーカー(フーディー),オリジナルス,バレンタイン,アディカラー クラシック,アディカラー クラシックス トレフォイル パーカー",メンズ,アディカラー クラシックス トレフォイル パーカー,"4,944","https://shop.adidas.jp/photo/H0/H06665/s-H06665-on_model-standard_view.jpg,https://shop.adidas.jp/photo/H0/H06665/s-H06665-on_model-back_view.jpg,https://shop.adidas.jp/photo/H0/H06665/s-H06665-on_model-walking_view.jpg,https://shop.adidas.jp/photo/H0/H06665/s-H06665-3d_torso-front_center_view.jpg,https://shop.adidas.jp/photo/H0/H06665/s-H06665-on_model-detail_view_1.jpg,https://shop.adidas.jp/photo/H0/H06665/s-H06665-on_model-detail_view_2.jpg","XS,S,M,L,O (XL),XO (2XL),2XO (3XL)","小さめ,適切,大きめ,",,アディダスらしさ際立つ、快適なフーディー。,"70年代にデビューして以来、世界中のプロのアスリートやヒップホップスター、アーティスト、そしてクリエイターたちに愛用され続けているトレフォイル。このパーカーを着て、その仲間入りをしよう。そんなレガシーを継承しつつ、ぜいたくなフレンチテリー［裏毛］製で快適な着心地に仕上げた。

「ベター・コットン・イニシアティブ」と提携するアディダスの製品を着用することは、持続可能な綿花栽培を推進することにつながっている。","レギュラーフィット,ドローコードで調節可能なフード,綿100%（フレンチテリー）,厚手の生地,カンガルーポケット,リブ仕上げの袖口と裾,ベター・コットン・イニシアティブ,商品番号：H06665,色：グリーン/ホワイト,生産国：Pakistan",,,,,,,,,,"ウェア・服,トップス,パーカー(フーディー),スウェット（トレーナー）,オリジナルス,バレンタイン,クラシックス,アディカラー,アディカラー クラシック,ベターコットン,IZP12"
https://shop.adidas.jp/products/FZ5597/,"トップ,シューズ・靴,スニーカー,オリジナルス,スタンスミス,スタンスミス 80s / Stan Smith 80s",オリジナルス,スタンスミス 80S / STAN SMITH 80S,"22,000","https://shop.adidas.jp/photo/FZ/FZ5597/s-FZ5597-standard-side_lateral_center_view-qZ1GGOB7Ey.jpg,https://shop.adidas.jp/photo/FZ/FZ5597/s-FZ5597-standard-top_portrait_view-9hsDUG6r4t.jpg,https://shop.adidas.jp/photo/FZ/FZ5597/s-FZ5597-standard-bottom_view-gXdDeuV7cA.jpg,https://shop.adidas.jp/photo/FZ/FZ5597/s-FZ5597-standard-front_lateral_top_view-I1p1yrYpQD.jpg,https://shop.adidas.jp/photo/FZ/FZ5597/s-FZ5597-standard-back_lateral_top_view-kRvN9Id7hb.jpg,https://shop.adidas.jp/photo/FZ/FZ5597/s-FZ5597-standard-side_medial_center_view-sN297sm3BV.jpg,https://shop.adidas.jp/photo/FZ/FZ5597/s-FZ5597-standard-mirrored_pair_view-6a62DbzkRR.jpg,https://shop.adidas.jp/photo/FZ/FZ5597/s-FZ5597-standard-detail_view_1-w2Q6CgOLdt.jpg,https://shop.adidas.jp/photo/FZ/FZ5597/s-FZ5597-standard-detail_view_2-4y6G2EQAf0.jpg","22.0cm,22.5cm,23.0cm,23.5cm,24.0cm,24.5cm,25.0cm,25.5cm,26.0cm,26.5cm,27.0cm,27.5cm,28.0cm,28.5cm,29.0cm,29.5cm,30.0cm,30.5cm",,,80年代の栄光を表現したスタンスミス。,80年代に登場したスタンスミススニーカーのオリジナルモデルのプロポーションと素材を反映し、レジェンドの草創期にオマージュを捧げる一足。贅沢なレザーアッパーを採用し、ディテールとシルエットで洗練された雰囲気に仕上げている。もちろん、配色はクラシックなスタンスミスと同じもの。シュータンラベルにスタンの顔のイラストをあしらっている。,"レギュラーフィット,シューレースクロージャー,レザーアッパー,レザーライニング,ラバーアウトソール,商品番号：FZ5597,色：フットウェアホワイト/フットウェアホワイト/グリーン",,4.8,4,75%,"[('2022-10-27', '4.8 ', 'やっぱり80S', '復刻ではありますが、割と忠実に再現されているように思いました。購入して良かったです。リピートするかもしれません。', 'stan1013'), ('2022-10-28', '5 ', '', '凄く楽しみにした、天然皮革の80年バージョンと期待していた。今までのスタンスミスに比べて少し幅が狭い気がする。\n見た目も良いし、色も良い、しかし幅が狭い。', 'brooks'), ('2022-11-04', '4 ', '80S復刻版⭐️', '', 'President'), ('2022-11-07', '5 ', '80Sスタンスミス', '', 'litte7')]",2.5 / 5,3 / 5,5 / 5,4 / 5,"シューズ・靴,スニーカー,オリジナルス,スタンスミス,ローカット,N5839"
https://shop.adidas.jp/products/H02169/,"トップ,シューズ・靴,スニーカー,オリジナルス,NY 90",オリジナルス,NY 90,"12,100","https://shop.adidas.jp/photo/H0/H02169/s-H02169-standard-side_lateral_center_view.jpg,https://shop.adidas.jp/photo/H0/H02169/s-H02169-standard-top_portrait_view.jpg,https://shop.adidas.jp/photo/H0/H02169/s-H02169-standard-bottom_view.jpg,https://shop.adidas.jp/photo/H0/H02169/s-H02169-standard-front_lateral_top_view.jpg,https://shop.adidas.jp/photo/H0/H02169/s-H02169-standard-back_lateral_top_view.jpg,https://shop.adidas.jp/photo/H0/H02169/s-H02169-standard-side_medial_center_view.jpg,https://shop.adidas.jp/photo/H0/H02169/s-H02169-standard-mirrored_pair_view.jpg,https://shop.adidas.jp/photo/H0/H02169/s-H02169-standard-detail_view_1.jpg,https://shop.adidas.jp/photo/H0/H02169/s-H02169-standard-detail_view_2.jpg","22.0cm,22.5cm,23.0cm,23.5cm,24.0cm,24.5cm,25.0cm,25.5cm,26.0cm,26.5cm,27.0cm,27.5cm,28.0cm,28.5cm,29.0cm,29.5cm,30.0cm,31.0cm",,,アーカイブからインスピレーションを得たデイリースニーカー。,"スタイルは時代と共に変わるけれど、クラシックの良さは留まり続ける。この90年代のアーカイブスタイルがそのまま蘇ったような、清潔感のあるカジュアルなスニーカーが、まさにそれを体現している。プラスチック廃棄物の根絶を目指すアディダスの取り組みの一環として、リサイクル素材を用いてアップデートしたモデル。環境に優しい、どんなウェアにも合わせられる、気分良く履けるシューズ。

この製品には、高機能リサイクル素材を使用。アッパーの50%はリサイクル素材でできていて、バージンポリエステルは不使用。","レギュラーフィット,シューレースクロージャー,合成アッパー,ラバーアウトソール,リサイクル素材を使用,商品番号：H02169,色：ダッシュグレー/ソーラーレッド/フットウェアホワイト",,,,,,,,,,"シューズ・靴,スニーカー,オリジナルス,ローカット,プライムグリーン,リサイクル素材,LRV31"
https://shop.adidas.jp/products/H02171/,"トップ,シューズ・靴,スニーカー,オリジナルス,NY 90",オリジナルス,NY 90,"12,100","https://shop.adidas.jp/photo/H0/H02171/s-H02171-standard-side_lateral_center_view.jpg,https://shop.adidas.jp/photo/H0/H02171/s-H02171-standard-top_portrait_view.jpg,https://shop.adidas.jp/photo/H0/H02171/s-H02171-standard-bottom_view.jpg,https://shop.adidas.jp/photo/H0/H02171/s-H02171-standard-front_lateral_top_view.jpg,https://shop.adidas.jp/photo/H0/H02171/s-H02171-standard-back_lateral_top_view.jpg,https://shop.adidas.jp/photo/H0/H02171/s-H02171-standard-side_medial_center_view.jpg,https://shop.adidas.jp/photo/H0/H02171/s-H02171-standard-mirrored_pair_view.jpg,https://shop.adidas.jp/photo/H0/H02171/s-H02171-standard-detail_view_1.jpg,https://shop.adidas.jp/photo/H0/H02171/s-H02171-standard-detail_view_2.jpg","22.0cm,22.5cm,23.0cm,23.5cm,24.0cm,24.5cm,25.0cm,25.5cm,26.0cm,26.5cm,27.0cm,27.5cm,28.0cm,28.5cm,29.0cm,29.5cm,30.0cm,31.0cm",,,アーカイブからインスピレーションを得たデイリースニーカー。,"スタイルは時代と共に変わるけれど、クラシックの良さは留まり続ける。この90年代のアーカイブスタイルがそのまま蘇ったような、清潔感のあるカジュアルなスニーカーが、まさにそれを体現している。プラスチック廃棄物の根絶を目指すアディダスの取り組みの一環として、リサイクル素材を用いてアップデートしたモデル。環境に優しい、どんなウェアにも合わせられる、気分良く履けるシューズ。

この製品には、高機能リサイクル素材を使用。アッパーの50%はリサイクル素材でできていて、バージンポリエステルは不使用。","レギュラーフィット,シューレースクロージャー,合成アッパー,ラバーアウトソール,リサイクル素材を使用,商品番号：H02171,色：コアブラック/ソーラーレッド/ブルーバード",,,,,,,,,,"シューズ・靴,スニーカー,オリジナルス,ローカット,プライムグリーン,リサイクル素材,LRV31"
https://shop.adidas.jp/products/H06258/,"トップ,メンズ,シューズ・靴,スニーカー,オリジナルス,スーパースター,スーパースター 82 / Superstar 82",メンズ,スーパースター 82 / SUPERSTAR 82,"19,800","https://shop.adidas.jp/photo/H0/H06258/s-H06258-standard-side_lateral_center_view-77tHqWtLEu.jpg,https://shop.adidas.jp/photo/H0/H06258/s-H06258-standard-top_portrait_view-2ILl219X3E.jpg,https://shop.adidas.jp/photo/H0/H06258/s-H06258-standard-bottom_view-7PRSgkQaAU.jpg,https://shop.adidas.jp/photo/H0/H06258/s-H06258-standard-front_lateral_top_view-b1kilNO65h.jpg,https://shop.adidas.jp/photo/H0/H06258/s-H06258-standard-back_lateral_top_view-GY6p17Hi0d.jpg,https://shop.adidas.jp/photo/H0/H06258/s-H06258-standard-side_medial_center_view-dM9LCHIFU0.jpg,https://shop.adidas.jp/photo/H0/H06258/s-H06258-standard-mirrored_pair_view-roW8oZqFdN.jpg,https://shop.adidas.jp/photo/H0/H06258/s-H06258-standard-detail_view_1-Unxhx3H59H.jpg,https://shop.adidas.jp/photo/H0/H06258/s-H06258-standard-detail_view_2-oA9i4VrhQ0.jpg","22.0cm,22.5cm,23.0cm,23.5cm,24.0cm,24.5cm,25.0cm,25.5cm,26.0cm,26.5cm,27.0cm,27.5cm,28.0cm,28.5cm,29.0cm,29.5cm,30.0cm,30.5cm,31.0cm",,,愛されて止まないスーパースターの80年代バージョンが復活。,バスケットボールコートのゲームに変化をもたらした後、ヒップホップ界で歴史を築き、さらにファッションの世界までも席巻した、アディダス スーパースターシューズ。今では、世界中のあらゆる大陸や国、都市で愛用されている。今季はそんなレガシーを讃えて、80年代の人気モデルを復刻。ラバーアウトソールからシェルトゥまで、オーセンティックなディテールをすべて踏襲している。　※「Super Star」は、株式会社ムーンスターの日本における登録商標です。,"レギュラーフィット,シューレースクロージャー,合成アッパー,レザーライニング,ラバーアウトソール,商品番号：H06258,色：クラウドホワイト/コアブラック/オフホワイト,生産国：Indonesia",,5,1,100%,"[('2022-10-16', '5 ', '価格差はありますがGY7037と同様素晴らしい出来です。', '', 'takeshiro')]",3 / 5,3 / 5,5 / 5,5 / 5,"シューズ・靴,スニーカー,オリジナルス,スーパースター,ミドルカット,LZT65"
https://shop.adidas.jp/products/HF1845/,"トップ,メンズ,サッカー,ウェア・服,トップス,ユニフォーム,サッカー日本代表 2022 ホーム レプリカ ユニフォーム",メンズ,サッカー日本代表 2022 ホーム レプリカ ユニフォーム,"2,530","https://shop.adidas.jp/photo/HF/HF1845/s-HF1845-01-2U4IJmJdrb.jpg,https://assets.adidas.com/videos/w_170/1befb624da574e79bb37aeed00a5c7dc_d98c/HF1845_product_video.jpg,https://shop.adidas.jp/photo/HF/HF1845/s-HF1845-02-nrW7Xk4jxX.jpg,https://shop.adidas.jp/photo/HF/HF1845/s-HF1845-03-ldF2PEw8RR.jpg,https://shop.adidas.jp/photo/HF/HF1845/s-HF1845-04-8BoWma4yXH.jpg,https://shop.adidas.jp/photo/HF/HF1845/s-HF1845-05-niz375JtcX.jpg,https://shop.adidas.jp/photo/HF/HF1845/s-HF1845-06-v0erZXk4kl.jpg,https://shop.adidas.jp/photo/HF/HF1845/s-HF1845-07-1LpZudVtiW.jpg,https://shop.adidas.jp/photo/HF/HF1845/s-HF1845-08-3NpmRAVH7z.jpg,https://shop.adidas.jp/photo/HF/HF1845/s-HF1845-on_model-standard_view-GVWhcRLgIt.jpg,https://shop.adidas.jp/photo/HF/HF1845/s-HF1845-on_model-side_view-khMtm37gq7.jpg,https://shop.adidas.jp/photo/HF/HF1845/s-HF1845-on_model-back_view-lHfrQJV1Mj.jpg,https://shop.adidas.jp/photo/HF/HF1845/s-HF1845-on_model-walking_view-tHFXEFROn2.jpg,https://shop.adidas.jp/photo/HF/HF1845/s-HF1845-3d_torso-front_center_view-habv4LNWZO.jpg,https://shop.adidas.jp/photo/HF/HF1845/s-HF1845-3d_torso-back_center_view-vKqG7EucGH.jpg,https://shop.adidas.jp/photo/HF/HF1845/s-HF1845-on_model-detail_view_1-bS8qMuTVp3.jpg,https://shop.adidas.jp/photo/HF/HF1845/s-HF1845-on_model-detail_view_2-sAR9OpMvDN.jpg,https://shop.adidas.jp/photo/HF/HF1845/s-HF1845-on_model-detail_view_3-uUMQ4wtURP.jpg","XS,S,M,L,XL,2XL,3XL","小さめ,適切,大きめ,","[('サッカー日本代表 2022 ホーム ソックス', '2,530', 'HF1841', 'https://shop.adidas.jp/photo/HF/HF1841/s-HF1841-3d_torso-side_view-FalEq2xll2.jpg', 'https://shop.adidas.jp/products/HF1841/'), ('サッカー日本代表 2022 ホーム レプリカ ショーツ', '6,050', 'HF1850', 'https://shop.adidas.jp/photo/HF/HF1850/s-HF1850-on_model-standard_view-v3Njw5QGSE.jpg', 'https://shop.adidas.jp/products/HF1850/')]",リサイクル素材で作られた、折り紙をイメージしたデザインのサポーター向けユニフォーム。,歓喜をもたらす祈りの象徴としてORIGAMIをコンセプトに開発されたグラフィックを採用。選手、サポーターの積み重なる想いを、グラフィックを幾重にも重ねることで表現。サッカーの大きなステージで、パフォーマンスを発揮する選手のためにデザイン。AEROREADYが吸湿性を発揮。さらに通気性の良いメッシュを組み合わせた、快適な着心地をもたらす設計。チームの織りエンブレムを胸に、サポーター魂を示そう。,"スリムフィット,リブ仕上げのクルーネック,リサイクルポリエステル100%（インターロック）,吸湿性を発揮するAEROREADY,脇下に通気性に優れたメッシュインサート,ドロップテールの裾,日本代表チームの織りエンブレム,後ろの襟に日の丸,商品番号：HF1845,色：ジャパンブルー,生産国：Vietnam","{'胸囲': {'XS': '90cm', 'S': '92.5cm', 'M': '97.5cm', 'L': '100cm', 'XL': '105cm', '2XL': '111cm', '3XL': '118cm'}, 'うしろ着丈': {'XS': '74.5cm', 'S': '75cm', 'M': '76cm', 'L': '76.5cm', 'XL': '77.5cm', '2XL': '79.2cm', '3XL': '80.9cm'}}",4.7,14,100%,"[('2022-11-13', '4.7 ', 'デザインがかっこいい！', '普段XLを購入していますが、すこしルーズめに着たくて一番大きいサイズにしました。デザインがかっこいいし、応援するのが楽しみです！', 'AYAKA'), ('2022-10-01', '5 ', 'サイズ感', '180cm73kg、Lだとピッタリ、一個上にすれば良かったか。LとLLいつも微妙でものによりけり。\nデザインは非常にかっこよくナンバリングのイエローがあったほうがよりデザイン性が増して良し', 'Tink'), ('2022-10-08', '4 ', 'デザインも繊細でよく、着心地も良いです', 'このユニフォームでワールドカップ初戦ドイツを撃破して、予選リーグ突破、ベスト8進出と大躍進を期待しています', 'HNDS'), ('2022-10-18', '5 ', 'カッコイイです！', '歴代の代表ユニフォームを購入してきましたが、今回のデザインは日本らしさが特に際立っていて、カッコイイです！背番号のイエローも目立っていて、ワールドカップカタール大会での活躍を世界にアピールするに、もってこいの素晴らしいユニフォームだと思いました！着用してオールジャパンで代表を応援しましょう！', 'isa315'), ('2022-09-18', '5 ', 'デザイン最高', 'とてもセンスの良いデザインで気に入っている\nサイズ感、機能性も良くて満足の商品\n178センチ75キロでＯサイズを着ています。', 'ma777'), ('2022-11-08', '5 ', '', '2022年のワールドカップ出場国ユニフォームの中でも、他国に比べ物にならないほどさわやかなデザインだったので即買い。背番号は白であれば付けたかったが、あきらめました。', 'ｃｈａｎ513'), ('2022-09-08', '4 ', 'カッコイイ', '前回のとは違いカッコいいです。\nただ、ユニフォームとパンツの背番号の色に\n違いがあるので統一してほしい。\n背', 'kk03'), ('2022-11-20', '5 ', 'とても良いデザインです。', 'シンプルな中に、センスあるグラフィックが入っており、すばらしいデザインだと思います。\n子ども用で購入し、Ｗ杯で盛り上がりたいです。', 'shimashimatama'), ('2022-11-19', '5 ', '気分上がる', '日本代表のレプリカユニホームに袖を通すと、応援への気分が上がる。寒い時期のワールドカップなので、重ね着しても、そつなく着られる。', 'nori2z'), ('2022-10-23', '4 ', 'W杯が楽しみです。', 'オリンピックのレプリカユニフォームは購入したことがありましたが、今回は思い切って買ってみました。これを着て応援できる事を楽しみにしています。これからアディダスのウェアを購入することが増えそうなのでそれも楽しみです。', 'HiRO06')]",2.9 / 5,3.1 / 5,4.4 / 5,4.4 / 5,"ウェア・服,トップス,ユニフォーム,サッカー,フットサル,半袖,サッカー日本代表,南野 拓実,原口 元気,浅野 拓磨,久保 建英,エアロレディ,プライムブルー,プライムグリーン,リサイクル素材,サッカーウェア・服,フットサルウェア・服,SX012"
https://shop.adidas.jp/products/GT6565/,"トップ,メンズ,アウトドア,ウェア・服,アウター,ダウン,スポーツウェア,Traveer COLD. RDY ジャケット",メンズ,TRAVEER COLD. RDY ジャケット,"24,200","https://shop.adidas.jp/photo/GT/GT6565/s-GT6565-on_model-standard_view-vWGO7WmhWu.jpg,https://shop.adidas.jp/photo/GT/GT6565/s-GT6565-on_model-side_view-jR9rHD351B.jpg,https://shop.adidas.jp/photo/GT/GT6565/s-GT6565-on_model-back_view-c9lxOv6cuc.jpg,https://shop.adidas.jp/photo/GT/GT6565/s-GT6565-on_model-walking_view-CiWbfF6r8x.jpg,https://shop.adidas.jp/photo/GT/GT6565/s-GT6565-on_model-standard_outfit_view-lSRsIAbTdr.jpg,https://shop.adidas.jp/photo/GT/GT6565/s-GT6565-3d_torso-front_center_view-wQRh3P3UQX.jpg,https://shop.adidas.jp/photo/GT/GT6565/s-GT6565-on_model-detail_view_1-fXtLK7rKUC.jpg,https://shop.adidas.jp/photo/GT/GT6565/s-GT6565-on_model-detail_view_2-XpRdG10fuY.jpg,https://shop.adidas.jp/photo/GT/GT6565/s-GT6565-on_model-detail_view_3-xPs7yOKQyS.jpg","S,M,L,O (XL),XO (2XL),2XO (3XL)",,,悪天候に備えられるダウンジャケット。,早朝や、天気の読めない日に活躍する、アディダスのCOLD. RDY ダウンジャケット。雨や雪などで身体が濡れるのを防いで、衣服内に熱を閉じ込めてくれるから、目の前のことに集中できる。身頃上部、袖、フードの必要箇所に耐水加工を施している。また、撥水性のあるふっくらとしたダウンインサレーションが、雨や雪のなかでも暖かい着心地をキープ。さらに、ダウンチャンバーをオーバーラップさせて、熱が外に逃げるのを防いでいる。さあ、外へ飛び出そう。,"レギュラーフィット,フルジップ / ハイネック,表地：リサイクルポリエステル100%（平織り）、耐久性のある撥水（DWR）コーティング,中わた：HyperDRY™：グースダウン80% / フェザー20%,サイドにジップポケット,バイザー付きの調節可能なフード,ヒートシール構造の伸縮性のある袖口,リサイクル素材を使用,商品番号：GT6565,色：レジェンドインク","{'参考サイズ': {'2XS JASPO': '2XS', 'XS JASPO': 'XS', 'S JASPO': 'S', 'M JASPO': 'M', 'L JASPO': 'L', 'O JASPO': 'XL', 'XO JASPO': '2XL', '2XO JASPO': '3XL', '3XO JASPO': '4XL', '4XO JASPO': '5XL', '5XO JASPO': '6XL'}, '身長': {'2XS JASPO': '152～158', 'XS JASPO': '157～163', 'S JASPO': '162～168', 'M JASPO': '167～173', 'L JASPO': '172～178', 'O JASPO': '177～183', 'XO JASPO': '182～188', '2XO JASPO': '187～193', '3XO JASPO': '192～198', '4XO JASPO': '197～203', '5XO JASPO': '202～208'}, '胸囲': {'2XS JASPO': '77～83', 'XS JASPO': '81～87', 'S JASPO': '85～91', 'M JASPO': '89～95', 'L JASPO': '93～99', 'O JASPO': '97～103', 'XO JASPO': '101～107', '2XO JASPO': '105～111', '3XO JASPO': '109～115', '4XO JASPO': '113～119', '5XO JASPO': '117～123'}, 'ウエスト': {'2XS JASPO': '63～69', 'XS JASPO': '67～73', 'S JASPO': '71～77', 'M JASPO': '75～81', 'L JASPO': '79～85', 'O JASPO': '83～89', 'XO JASPO': '87～93', '2XO JASPO': '91～97', '3XO JASPO': '95～101', '4XO JASPO': '99～105', '5XO JASPO': '103～109'}}",3.5,2,50%,"[('2022-11-08', '3.5 ', 'ウエストがやや細め', 'デザインと着心地は良かったようですが、普段Ｌサイズの主人にはウエストが細めでした。\n息子行になりました。', 'mio8010'), ('2022-11-19', '4 ', '思ったより、薄手だった。', '胴回りにもう少し、余裕がほしかった。これより大きいサイズだと袖が長くなってしまう。\nこれからの寒さ、どの程度まで着れるか？この薄さで、乗り切れれば優れものになります。', 'Sonochi')]",2 / 5,3 / 5,3.5 / 5,3.5 / 5,"ウェア・服,アウター,ダウン,スポーツウェア,アウトドア,コールドレディ,防水・撥水,プライムブルー,プライムグリーン,リサイクル素材,アウトドアウェア・服,AV326"
https://shop.adidas.jp/products/H02170/,"トップ,シューズ・靴,スニーカー,オリジナルス,NY 90",オリジナルス,NY 90,"12,100","https://shop.adidas.jp/photo/H0/H02170/s-H02170-standard-side_lateral_center_view.jpg,https://shop.adidas.jp/photo/H0/H02170/s-H02170-standard-top_portrait_view.jpg,https://shop.adidas.jp/photo/H0/H02170/s-H02170-standard-bottom_view.jpg,https://shop.adidas.jp/photo/H0/H02170/s-H02170-standard-front_lateral_top_view.jpg,https://shop.adidas.jp/photo/H0/H02170/s-H02170-standard-back_lateral_top_view.jpg,https://shop.adidas.jp/photo/H0/H02170/s-H02170-standard-side_medial_center_view.jpg,https://shop.adidas.jp/photo/H0/H02170/s-H02170-standard-mirrored_pair_view.jpg,https://shop.adidas.jp/photo/H0/H02170/s-H02170-standard-detail_view_1.jpg,https://shop.adidas.jp/photo/H0/H02170/s-H02170-standard-detail_view_2.jpg","22.0cm,22.5cm,23.0cm,23.5cm,24.0cm,24.5cm,25.0cm,25.5cm,26.0cm,26.5cm,27.0cm,27.5cm,28.0cm,28.5cm,29.0cm,29.5cm,30.0cm,31.0cm",,,アーカイブからインスピレーションを得たデイリースニーカー。,"スタイルは時代と共に変わるけれど、クラシックの良さは留まり続ける。この90年代のアーカイブスタイルがそのまま蘇ったような、清潔感のあるカジュアルなスニーカーが、まさにそれを体現している。プラスチック廃棄物の根絶を目指すアディダスの取り組みの一環として、リサイクル素材を用いてアップデートしたモデル。環境に優しい、どんなウェアにも合わせられる、気分良く履けるシューズ。

この製品には、高機能リサイクル素材を使用。アッパーの50%はリサイクル素材でできていて、バージンポリエステルは不使用。","レギュラーフィット,シューレースクロージャー,合成アッパー,ラバーアウトソール,リサイクル素材を使用,商品番号：H02170,色：フットウェアホワイト/スクリーミンググリーン/チームロイヤルブルー",,,,,,,,,,"シューズ・靴,スニーカー,オリジナルス,ローカット,プライムグリーン,リサイクル素材,LRV31"
https://shop.adidas.jp/products/H31238/,"トップ,メンズ,ウェア・服,ボトムス,ジャージ,オリジナルス,スリー ストライプス,アディダス SPRT コンフォート スリーストライプス スウェットパンツ",メンズ,アディダス SPRT コンフォート スリーストライプス スウェットパンツ,"8,789","https://shop.adidas.jp/photo/H3/H31238/s-H31238-on_model-standard_view.jpg,https://shop.adidas.jp/photo/H3/H31238/s-H31238-on_model-back_view.jpg,https://shop.adidas.jp/photo/H3/H31238/s-H31238-on_model-walking_view.jpg,https://shop.adidas.jp/photo/H3/H31238/s-H31238-3d_torso-front_center_view.jpg,https://shop.adidas.jp/photo/H3/H31238/s-H31238-on_model-detail_view_1.jpg,https://shop.adidas.jp/photo/H3/H31238/s-H31238-on_model-detail_view_2.jpg","XS,S,M,L,O (XL),XO (2XL),2XO (3XL)",,,快適さを追求した、スリーストライプスがアクセントのスウェットパンツ。,"仕事終わりに、そして週末に。ゆったりとしたくつろぎタイムに必要なもの。そう、こんなスウェットパンツ。ソフトでファジーな素材がまろやかにボディを包み込む。外出したくなっても大丈夫。いつだって、スリーストライプスがスタイリッシュに見せてくれるから、これさえあれば、ばっちり。

この製品は、プラスチック廃棄物をゼロにする取り組みとして、一部にリサイクル素材を使用。","スリムフィット,調節可能なドローコード付き伸縮性ウエスト,リサイクルポリエステル74％ / ビスコース26％（テリーループ織り）,両サイドにジップポケット,リブ仕上げの裾,商品番号：H31238,色：ブラック/ホワイト,生産国：China",,,,,,,,,,"ウェア・服,ボトムス,ジャージ,パンツ,オリジナルス,スリー ストライプス,プライムブルー,プライムグリーン,リサイクル素材,JJR88"
https://shop.adidas.jp/products/GW2125/,"トップ,シューズ・靴,スニーカー,オリジナルス,ZX,ZX22 カワサキ / ZX22 Kawasaki",オリジナルス,ZX22 カワサキ / ZX22 KAWASAKI,"20,900","https://shop.adidas.jp/photo/GW/GW2125/s-GW2125-standard-side_lateral_center_view-ghj0HbHOot.jpg,https://shop.adidas.jp/photo/GW/GW2125/s-GW2125-standard-top_portrait_view-a9U0ihWnZ4.jpg,https://shop.adidas.jp/photo/GW/GW2125/s-GW2125-standard-bottom_view-ErH3RqAWDY.jpg,https://shop.adidas.jp/photo/GW/GW2125/s-GW2125-standard-front_lateral_top_view-rostNM475a.jpg,https://shop.adidas.jp/photo/GW/GW2125/s-GW2125-standard-back_lateral_top_view-lfGZCusx7y.jpg,https://shop.adidas.jp/photo/GW/GW2125/s-GW2125-standard-side_medial_center_view-ZrtAkV2vTa.jpg,https://shop.adidas.jp/photo/GW/GW2125/s-GW2125-standard-beauty_view-x7WqxIhlzQ.jpg,https://shop.adidas.jp/photo/GW/GW2125/s-GW2125-standard-pair_view-0XbOi2tpjK.jpg",,,,リサイクル素材を一部用い、カワサキとコラボした進化系ZX。,"誕生当初から、イノベーションがその土台となってきたZXシリーズ。それは、1984年に誕生したZXシリーズの初期のデザインが、カワサキのバイクからインスピレーションを得たものであったことを知ると筋が通っていることがわかる。 日本のモーターサイクルブランドのパイオニア、カワサキとのコラボレーションは新たな章に入り、その一つとして誕生したのがこのZX22。一切妥協なく、未来に新しい波を生む先駆者であるカワサキのバイクにインスピレーションを得てデザインされた。ユニークでストレートな形のマッドガード、リフレクター、鮮やかなライムグリーンが特徴的な、進化を象徴するような、唯一無二のスニーカーとなった。一歩一歩を快適にサポートする、自慢のBOOSTクッションも当然搭載されている。

バージン素材の生産による環境への悪影響を防ぐため、裁断スクラップなどの生産廃棄物や、家庭から出る消費財廃棄物から生まれたリサイクル素材を一部使用。","合成アッパー,テキスタイルライニング,BOOSTミッドソール,ラバーアウトソール,アッパーパーツの25%が、リサイクル材料含有率50%以上の素材で作られている,商品番号：GW2125,色：シルバーメタリック/シルバーメタリック/コアブラック",,,,,,,,,,"シューズ・靴,スニーカー,オリジナルス,ZX,ローカット,ブースト,MBA27"
https://shop.adidas.jp/products/HP5587/,"トップ,シューズ・靴,スニーカー,オリジナルス,ディズニー,クルエラ スタンスミス / Cruella Stan Smith ディズニー",オリジナルス,クルエラ スタンスミス / CRUELLA STAN SMITH ディズニー,"15,400","https://shop.adidas.jp/photo/HP/HP5587/s-HP5587-standard-side_lateral_center_view-acDKqAb9Yy.jpg,https://shop.adidas.jp/photo/HP/HP5587/s-HP5587-31-dr8dz7UH4J.jpg,https://shop.adidas.jp/photo/HP/HP5587/s-HP5587-standard-top_portrait_view-dBd7OC88Wf.jpg,https://shop.adidas.jp/photo/HP/HP5587/s-HP5587-standard-bottom_view-a2LEuGGvWN.jpg,https://shop.adidas.jp/photo/HP/HP5587/s-HP5587-standard-front_lateral_top_view-n9hVuIigwa.jpg,https://shop.adidas.jp/photo/HP/HP5587/s-HP5587-standard-back_lateral_top_view-8vryKcIEdb.jpg,https://shop.adidas.jp/photo/HP/HP5587/s-HP5587-standard-side_medial_center_view-T8IdLArCgm.jpg,https://shop.adidas.jp/photo/HP/HP5587/s-HP5587-standard-beauty_view-Hehj4DwSjS.jpg","22.0cm,22.5cm,23.0cm,23.5cm,24.0cm,24.5cm,25.0cm,25.5cm,26.0cm,26.5cm,27.0cm,27.5cm,28.0cm,28.5cm,29.0cm,29.5cm,30.0cm,30.5cm,31.0cm",,,リサイクル素材を一部使用した、ディズニーとのコラボスニーカー。,"""グリーンな気分になる""って簡単ではない。プラスチックごみをなくすのもラクなことじゃない。でも、アディダスとディズニー、そして皆が集結するオールスタードリームチームが力を合わせれば、その努力はきっと報われる。だからこのシューズの靴ひもを結んで踏み出す小さな一歩でも、そのすべてが地球環境を良くするためのステップだと知れば、気分も上がる。高機能リサイクル素材がそれを可能にしてくれる。さまざまなシーンでコーディネートを新鮮に彩る、爽やかでシンプルかつカジュアルなス一足。だからどんなときでも履きやすい。

この製品は、アッパーに50%以上のリサイクル素材を使用するなど、プラスチック廃棄物ゼロを目指すアディダスの取り組みの一つをカタチにしたもの。","レギュラーフィット,シューレースクロージャー,合成アッパー,合成ライニング,ラバーアウトソール,アッパーのリサイクル素材含有率は50%以上,商品番号：HP5587,色：フットウェアホワイト/コアブラック/フットウェアホワイト",,,,,,,,,,"シューズ・靴,スニーカー,オリジナルス,ディズニー,スタンスミス,ローカット,LTG36"
https://shop.adidas.jp/products/VAA000004/,"トップ,ウェア・服,セットアップ,ジャージ,オリジナルス,福袋2023,オリジナルス 福袋 (ユニセックス B set) / 2023 ORIGINALS LUCKY BAG (UNISEX B set)",オリジナルス,オリジナルス 福袋 (ユニセックス B SET) / 2023 ORIGINALS LUCKY BAG (UNISEX B SET),"24,200","https://shop.adidas.jp/photo/VA/VAA000004/s-VAA000004-51-dlelcbaNxr.jpg,https://shop.adidas.jp/photo/VA/VAA000004/s-VAA000004-52-DLcXe8HZBB.jpg,https://shop.adidas.jp/photo/VA/VAA000004/s-VAA000004-53-SVssJoG0FR.jpg,https://shop.adidas.jp/photo/VA/VAA000004/s-VAA000004-31-IPKmDa5GJG.jpg,https://shop.adidas.jp/photo/VA/VAA000004/s-VAA000004-32-2scXlut6zx.jpg,https://shop.adidas.jp/photo/VA/VAA000004/s-VAA000004-33-FI6d2iEizU.jpg,https://shop.adidas.jp/photo/VA/VAA000004/s-VAA000004-34-YMYiwE7qsZ.jpg,https://shop.adidas.jp/photo/VA/VAA000004/s-VAA000004-35-t8TGNbIHyj.jpg","S,M,L,O (XL),XO (2XL)",,,「中身が見える福袋」数量限定で予約受付中。,暖かいポラーフリースのフーディ＆パンツのセットが入った、お得な５点セット。アウター1点、フーディ1点、Tシャツ1点、パンツ1点、バッグ1点の計5点。,"※ご注文後の発送先の変更はできません。,※同じサイズの中でも商品によって違いがございます。サイズは参考程度にお考えください。,※お客様のご都合によるご注文後のキャンセル、返品、交換は一切できませんので、あらかじめご了承くださいませ。,商品番号：VAA000004,色：マルチカラー","{'アウター(胸囲)': {'S': '115.5cm', 'M': '120.5cm', 'L': '123cm', 'O (XL)': '128cm', 'XO (2XL)': '134cm'}, 'アウター(うしろ着丈)': {'S': '68.5cm', 'M': '69.5cm', 'L': '70cm', 'O (XL)': '71cm', 'XO (2XL)': '72.7cm'}, 'パーカー(胸囲)': {'S': '108.2cm', 'M': '113.2cm', 'L': '115.7cm', 'O (XL)': '120.7cm', 'XO (2XL)': '126.7cm'}}",,,,,,,,,"ウェア・服,セットアップ,ジャージ,オリジナルス,福袋2023,VMA000004"
https://shop.adidas.jp/products/H68721/,"トップ,メンズ,シューズ・靴,スニーカー,スポーツウェア,ZX,ZX 1K ブースト / ZX 1K Boost",メンズ,ZX 1K ブースト / ZX 1K BOOST,"10,989","https://shop.adidas.jp/photo/H6/H68721/s-H68721-standard-side_lateral_center_view.jpg,https://assets.adidas.com/videos/w_170/155db1f087ff4a3aaad2ac4c0104d593_d98c/H68721_product_video.jpg,https://shop.adidas.jp/photo/H6/H68721/s-H68721-standard-top_portrait_view.jpg,https://shop.adidas.jp/photo/H6/H68721/s-H68721-standard-bottom_view.jpg,https://shop.adidas.jp/photo/H6/H68721/s-H68721-standard-front_lateral_top_view.jpg,https://shop.adidas.jp/photo/H6/H68721/s-H68721-standard-back_lateral_top_view.jpg,https://shop.adidas.jp/photo/H6/H68721/s-H68721-standard-side_medial_center_view.jpg,https://shop.adidas.jp/photo/H6/H68721/s-H68721-standard-mirrored_pair_view.jpg,https://shop.adidas.jp/photo/H6/H68721/s-H68721-standard-detail_view_1.jpg,https://shop.adidas.jp/photo/H6/H68721/s-H68721-standard-detail_view_2.jpg,https://shop.adidas.jp/photo/H6/H68721/s-H68721-standard-detail_view_3.jpg","22.0cm,22.5cm,23.0cm,23.5cm,24.0cm,24.5cm,25.0cm,25.5cm,26.0cm,26.5cm,27.0cm,27.5cm,28.0cm,28.5cm,29.0cm,29.5cm,30.0cm",,,心地よさがずっと続く透湿性に優れたメッシュシューズ。,エネルギーをリチャージして進み始めたら、キミを邪魔するものはもう何もない。そんな時にカギとなるのは快適さ。このアディダス ZX 1K ブーストシューズには、BOOSTとEVAを半分ずつ組み合わせたミッドソールを搭載。まさに絶妙なバランスのクッション性が手に入る。ストリートに繰り出したらしばらく街の風を感じていたくなる、そしてずっと街を彷徨っていたくなる、疲れ知らずの一足。,"シューレースクロージャー,ニットメッシュアッパーに、オーバーレイとウェルディング,快適で安定感のある履き心地,半分はBOOST、半分はEVAのミッドソール,テキスタイルライニング,ラバーアウトソール,商品番号：H68721,色：コアブラック/コアブラック/コアブラック,生産国：Vietnam",,4,1,100%,"[('2022-11-12', '4 ', '靴先がちょっとふくらんだ印象だがそれ以外のシルエットは気に入っている', 'ブ−ストというだけあって、クッションがよく、はねるような履き心地がグッド。反面柔らか過ぎるという人もいるかもしれない。', 'Stonehead2022')]",2 / 5,3 / 5,4 / 5,4 / 5,"シューズ・靴,スニーカー,スポーツウェア,ZX,ローカット,ブースト,LDO12"
https://shop.adidas.jp/products/HC0323/,"トップ,ウェア・服,アウター,ジャケット,オリジナルス,FIND YOUR COLOR,フェイクファージャケット",オリジナルス,フェイクファージャケット,"17,600","https://shop.adidas.jp/photo/HC/HC0323/s-HC0323-on_model-standard_view.jpg,https://shop.adidas.jp/photo/HC/HC0323/s-HC0323-on_model-back_view.jpg,https://shop.adidas.jp/photo/HC/HC0323/s-HC0323-on_model-walking_view.jpg,https://shop.adidas.jp/photo/HC/HC0323/s-HC0323-3d_torso-front_center_view.jpg,https://shop.adidas.jp/photo/HC/HC0323/s-HC0323-on_model-detail_view_1.jpg,https://shop.adidas.jp/photo/HC/HC0323/s-HC0323-on_model-detail_view_2.jpg","XS,S,M,L,O (XL),XO (2XL),2XO (3XL),3XO (4XL),4XO (5XL)","小さめ,適切,大きめ,",,インパクト大のフェイクファー ジャッケット。,キミはサイドラインに座っていたり、スポットライトの影にいるような人じゃない。このアディダスのフェイクファー ジャケットを着たら、人混みに紛れようとしたって無理だ。個性とクリエイティビティを象徴するトレフォイルを、ジャイアントサイズであしらったメッセージ性の強いデザイン。,"フルジップ / 立ち襟,ポリエステル100%（フェイクファー）,両サイドにポケット,ドローコードで調節可能な裾,商品番号：HC0323,色：ブラック/チョークホワイト,生産国：China","{'胸囲': {'XS': '109cm', 'S': '113cm', 'M': '117cm', 'L': '121cm', 'O (XL)': '125cm', 'XO (2XL)': '129cm', '2XO (3XL)': '133cm', '3XO (4XL)': '137cm', '4XO (5XL)': '141cm'}, 'うしろ着丈': {'XS': '63cm', 'S': '65cm', 'M': '67cm', 'L': '69cm', 'O (XL)': '71cm', 'XO (2XL)': '73cm', '2XO (3XL)': '75cm', '3XO (4XL)': '77cm', '4XO (5XL)': '79cm'}}",4.9,8,88%,"[('2022-11-02', '4.9 ', 'お気に入り', 'デザインが良く暖かい。妻へのプレゼントに購入したがたいへんきにいってました。来年同じような商品があれば自分も欲しい。', 'ryutan'), ('2022-10-31', '5 ', 'デザインにひかれて', 'とてもふわふわで手触り抜群です！\nデザインも可愛いし\nとても気に入ってます！\n買って良かったです！', 'nattu'), ('2022-11-01', '5 ', '肌触りが気持ち良い', 'とにかく、デザインが可愛いですね。あとは肌触りが抜群でずっと触っていたいです。暖かさも良いと思います。', 'sheer'), ('2022-11-14', '5 ', 'めっちゃ最高', 'adidasのビックロゴがインパクトがあって、ファーの肌触りも最高✨大きめのサイズで可愛らしく良かったです！冬のお気に入りになりそうです。', 'takapito'), ('2022-11-09', '5 ', '気分が上がります！', '見ているだけで、ワクワクしてきます❤️\nアディダスのアイコンのひとつであるトレフォイルがとにかくインパクト大で、トレフォイル好きにはたまらない１枚だと思います。寒くなるのが楽しみです🎶', 'ikko'), ('2022-11-08', '5 ', '質感が良い。', '表面の質感は安っぽくなくて非常に滑らかで触り心地が良く全面裏地が貼ってあるため保温性も高いです。Tシャツ1枚など薄着の上に着用するためのデザインで中に着込む際には向いていません。若干オーバーサイズ向けのパターンなので袖の幅が広いです。経験上オーバーサイズは流行の数年後に恥ずかしくて着られない、なんでこんなデカイの買ったんだとなるのでジャストサイズになるよう2色ともXSを買いました。', 'Customer'), ('2022-04-27', '5 ', '', 'とても気に入っているので誰にもお勧めしたくないです。ただジッパーを上げ下げする時ちょっと困ります対処方があれば教えてほしいです。', 'Tyhoon'), ('2022-01-14', '4 ', '', 'とても良かったです。デザインが綺麗で、動きやすいです。\nアディダスが大好きです。\nadidas!!!', 'Yeuemchanthanh')]",3.4 / 5,2.8 / 5,4.5 / 5,4.6 / 5,"ウェア・服,アウター,ジャケット,オリジナルス,FIND YOUR COLOR,ウィンターコレクション,CT295"
https://shop.adidas.jp/products/GT9780/,"トップ,メンズ,ウェア・服,トップス,パーカー(フーディー),スポーツウェア,スポーツコレクション,アディダス Z.N.E スポーツウェア パーカー",メンズ,アディダス Z.N.E スポーツウェア パーカー,"1,147","https://shop.adidas.jp/photo/GT/GT9780/s-GT9780-on_model-standard_view.jpg,https://assets.adidas.com/videos/w_170/891d82e4d0e4442db4bcad240135acb1_d98c/GT9780_product_video.jpg,https://shop.adidas.jp/photo/GT/GT9780/s-GT9780-on_model-side_view.jpg,https://shop.adidas.jp/photo/GT/GT9780/s-GT9780-on_model-back_view.jpg,https://shop.adidas.jp/photo/GT/GT9780/s-GT9780-on_model-walking_view.jpg,https://shop.adidas.jp/photo/GT/GT9780/s-GT9780-on_model-standard_outfit_view.jpg,https://shop.adidas.jp/photo/GT/GT9780/s-GT9780-3d_torso-front_center_view.jpg,https://shop.adidas.jp/photo/GT/GT9780/s-GT9780-on_model-detail_view_1.jpg,https://shop.adidas.jp/photo/GT/GT9780/s-GT9780-on_model-detail_view_2.jpg,https://shop.adidas.jp/photo/GT/GT9780/s-GT9780-on_model-detail_view_3.jpg","XS,S,M,L,O (XL),XO (2XL),2XO (3XL),3XO (4XL),4XO (5XL)",,"[('スリーストライプス クッション クルー ソックス 3足組', '1,147', 'DZ9347', 'https://shop.adidas.jp/photo/DZ/DZ9347/s-DZ9347-3d_torso-side_center_view.jpg', 'https://shop.adidas.jp/products/DZ9347/'), ('アディダス Z.N.E. スポーツウェアパンツ', '10,989', 'GT9781', 'https://shop.adidas.jp/photo/GT/GT9781/s-GT9781-on_model-standard_view.jpg', 'https://shop.adidas.jp/products/GT9781/')]",雑念をシャットアウトし集中力を高める、とびきり快適なパーカー。,ある瞬間に集中するだけではダメ。大切なのは、それを維持すること。このアディダスパーカーに身を包み、外からのノイズを遮断し、心も静めたい。気が散ることの多いゲーム前の時間帯、この快適なアディダス スウェットシャツが、試合に向けた集中力の維持を助ける。ソフトでややストレッチの効いた吸湿性に優れるファブリックを採用し、立体成型した袖を組み合わせ。冷静にゲームに対峙できるよう、細部まで作り込んだデザインになっている。,"レギュラーフィット,フード / フルジップ,綿56％ / リサイクルポリエステル40％ / ポリウレタン4％（ダブルニット）,汗を吸収するファブリックを使用,両サイドにジップポケット,プライムグリーン,商品番号：GT9780,色：ブラック,生産国：Indonesia","{'胸囲': {'XS': '94cm', 'S': '98cm', 'M': '102cm', 'L': '106cm', 'O (XL)': '110cm', 'XO (2XL)': '114cm', '2XO (3XL)': '118cm', '3XO (4XL)': '122cm', '4XO (5XL)': '126cm'}, 'うしろ着丈': {'XS': '63cm', 'S': '65cm', 'M': '67cm', 'L': '69cm', 'O (XL)': '71cm', 'XO (2XL)': '73cm', '2XO (3XL)': '75cm', '3XO (4XL)': '77cm', '4XO (5XL)': '79cm'}}",4.3,3,100%,"[('2022-08-16', '4.3 ', '', 'デザイン、品質、着心地すべてにおいて最高の商品です。175cm65kgでOサイズを購入。若干大きめですが、アウターなら問題無しです。', 'shimoya04'), ('2022-04-06', '5 ', 'ふちょっと厚めの生地', '普通のジャージより厚めでしっかりした生地です。立体裁断なので、着心地はいいと思います。サイズは身長182センチの私がOサイズでちょうどよく袖丈もぴったりでした。何回か洗濯すると若干毛玉ができます。', 'ffootball13'), ('2022-04-21', '3 ', 'ハイクオリティ', 'とてもクオリティが高く着心地のよいウェアです。\n今後も新作がどのようになるか、とても注目しています。', 'Power')]",3 / 5,3 / 5,4 / 5,4.3 / 5,"ウェア・服,トップス,パーカー(フーディー),ジャージ,スポーツウェア,スポーツコレクション,Z.N.E.,エアロレディ,プライムブルー,プライムグリーン,リサイクル素材,ベターコットン,BG770"
Product URL,Breadcrumb(Category),Category,Product name,Pricing,Image URL,Available size,Sense of the size,Coordinated Product,Title of description,General Description of the product,general_description_itemization_list,Tale Of Size,Rating,Number Of Reviews,Recommended rate,User Review,Sense of Fitting/Rating,Appropriation of Length/Rating,Quality of material/Rating,Comfort,KWs
https://shop.adidas.jp/products/H03883/,"トップ,シューズ・靴,スニーカー,オリジナルス,スタンスミス,スタンスミス / Stan Smith",オリジナルス,スタンスミス / STAN SMITH,"13,200","https://shop.adidas.jp/photo/H0/H03883/s-H03883-standard-side_lateral_center_view.jpg,https://shop.adidas.jp/photo/H0/H03883/s-H03883-standard-top_portrait_view.jpg,https://shop.adidas.jp/photo/H0/H03883/s-H03883-standard-bottom_view.jpg,https://shop.adidas.jp/photo/H0/H03883/s-H03883-standard-front_lateral_top_view.jpg,https://shop.adidas.jp/photo/H0/H03883/s-H03883-standard-back_lateral_top_view.jpg,https://shop.adidas.jp/photo/H0/H03883/s-H03883-standard-side_medial_center_view.jpg,https://shop.adidas.jp/photo/H0/H03883/s-H03883-standard-mirrored_pair_view.jpg,https://shop.adidas.jp/photo/H0/H03883/s-H03883-standard-detail_view_1.jpg,https://shop.adidas.jp/photo/H0/H03883/s-H03883-standard-detail_view_2.jpg","22.0cm,22.5cm,23.0cm,23.5cm,24.0cm,24.5cm,25.0cm,25.5cm,26.0cm,26.5cm,27.0cm,27.5cm,28.0cm",,,未来を見据えて、新たな解釈を加えたスタンスミス。,"常にクリーンなデザインを追求してきたスタンスミス。そのミニマルで控えめなルックスこそ、不朽の定番と言われるようになった所以。50年もの間、その地位を不動のものにしてきた。そして今、スタンスミスらしいクリーンな魅力が、新たな次元に向かおうとしている。プラスチック廃棄物ゼロを目指すアディダスの取り組みの一環として、リサイクル素材とレザー不使用のアッパーを採用。爽やかなホワイトアッパーにカラフルなアイレットが映える、ポップなデザイン。

この製品は、高性能リサイクル素材シリーズの一つとなるプライムグリーンを採用。アッパーの50%はリサイクル素材でできていて、バージンポリエステルは不使用。さらに、天然ラバーとリサイクルラバーからなる革新的でサステナブルな合成素材『Better Rubber』を使用している。","シューレースクロージャー,合成アッパー,ラバーアウトソール：天然ラバー95% / リサイクル素材5%,プライムグリーン,商品番号：H03883,色：フットウェアホワイト/バイオレットトーン/クリアピンク,生産国：India",,,,,,,,,,"シューズ・靴,スニーカー,オリジナルス,スタンスミス,ローカット,プライムグリーン,リサイクル素材,LRR12"
https://shop.adidas.jp/products/GM2164/,"トップ,メンズ,ジム・トレーニング,ウェア・服,トップス,Tシャツ,デザインド トゥ ムーブ アクティベイティッドテック AEROREADY Tシャツ",メンズ,デザインド トゥ ムーブ アクティベイティッドテック AEROREADY Tシャツ,"3,072","https://shop.adidas.jp/photo/GM/GM2164/s-GM2164-on_model-standard_view.jpg,https://shop.adidas.jp/photo/GM/GM2164/s-GM2164-marketing-heromrktng_view_1.jpg,https://shop.adidas.jp/photo/GM/GM2164/s-GM2164-marketing-heromrktng_view_2.jpg,https://shop.adidas.jp/photo/GM/GM2164/s-GM2164-on_model-back_view.jpg,https://shop.adidas.jp/photo/GM/GM2164/s-GM2164-on_model-walking_view.jpg,https://shop.adidas.jp/photo/GM/GM2164/s-GM2164-on_model-standard_outfit_view.jpg,https://shop.adidas.jp/photo/GM/GM2164/s-GM2164-3d_torso-front_center_view.jpg,https://shop.adidas.jp/photo/GM/GM2164/s-GM2164-on_model-detail_view_1.jpg,https://shop.adidas.jp/photo/GM/GM2164/s-GM2164-on_model-detail_view_2.jpg","XS,S,M,L,O (XL),XO (2XL),2XO (3XL)",,"[('エッセンシャルズ 3ストライプス ダッフルバッグ（M）/ ESSENTIALS 3-STRIPES DUFFEL BAG MEDIUM', '3,072', 'GN2046', 'https://shop.adidas.jp/photo/GN/GN2046/s-GN2046-standard-front_view.jpg', 'https://shop.adidas.jp/products/GN2046/')]",身体をドライに保つ、ソフトで通気性に優れたワークアウトTシャツ。,このアディダスTシャツを着て、真っ向から課題に挑む。ハードなトレーニングにも対応する、衣服内の熱のバランスを保つ、吸湿性に優れたAEROREADYファブリックを採用。その爽やかな着心地で、目標に向かって本気で走るアスリートのモチベーションを上げてくれる。サイドスリットがフルレンジの身体の動きに貢献する。この製品は、高機能リサイクル素材シリーズの一つ、プライムグリーンを採用。,"レギュラーフィット,クルーネック,リサイクルポリエステル100%（モックアイレット）,通気性に優れたソフトな着心地,サイドスリット,通気性と動きやすさを考えた素材配置,優れた吸湿性,プライムグリーン,プライムグリーン,商品番号：GM2164,色：クルーネイビー/レジェンドインク","{'参考サイズ': {'2XS JASPO': '2XS', 'XS JASPO': 'XS', 'S JASPO': 'S', 'M JASPO': 'M', 'L JASPO': 'L', 'O JASPO': 'XL', 'XO JASPO': '2XL', '2XO JASPO': '3XL', '3XO JASPO': '4XL', '4XO JASPO': '5XL', '5XO JASPO': '6XL'}, '身長': {'2XS JASPO': '152～158', 'XS JASPO': '157～163', 'S JASPO': '162～168', 'M JASPO': '167～173', 'L JASPO': '172～178', 'O JASPO': '177～183', 'XO JASPO': '182～188', '2XO JASPO': '187～193', '3XO JASPO': '192～198', '4XO JASPO': '197～203', '5XO JASPO': '202～208'}, '胸囲': {'2XS JASPO': '77～83', 'XS JASPO': '81～87', 'S JASPO': '85～91', 'M JASPO': '89～95', 'L JASPO': '93～99', 'O JASPO': '97～103', 'XO JASPO': '101～107', '2XO JASPO': '105～111', '3XO JASPO': '109～115', '4XO JASPO': '113～119', '5XO JASPO': '117～123'}, 'ウエスト': {'2XS JASPO': '63～69', 'XS JASPO': '67～73', 'S JASPO': '71～77', 'M JASPO': '75～81', 'L JASPO': '79～85', 'O JASPO': '83～89', 'XO JASPO': '87～93', '2XO JASPO': '91～97', '3XO JASPO': '95～101', '4XO JASPO': '99～105', '5XO JASPO': '103～109'}}",4,2,100%,"[('2022-07-15', '4 ', '着心地について', 'リサイクルの材質ですが、通気性もよく\n速乾性で、フィット感もあり、着心地も良く、\n是非、お薦めしたいTシャツです。', 'take1020'), ('2022-06-22', '4 ', '夏には最適', '薄くて軽くて涼しそうな生地でした。\n綿100％のＴシャツのサイズより多少大きめです。暑い時にはルーズフィットの方が良いかも', 'takutaku')]",3.5 / 5,4 / 5,3.5 / 5,4.5 / 5,"ウェア・服,トップス,Tシャツ,ジム・トレーニング,半袖,エアロレディ,プライムブルー,プライムグリーン,リサイクル素材,ジム・トレーニングウェア・服,42157"
https://shop.adidas.jp/products/HR3446/,"トップ,メンズ,ウェア・服,アウター,ジャケット,オリジナルス,ベロア トラックジャケット",メンズ,ベロア トラックジャケット,"12,100","https://shop.adidas.jp/photo/HR/HR3446/s-HR3446-on_model-standard_view-ENHEN3AIAn.jpg,https://shop.adidas.jp/photo/HR/HR3446/s-HR3446-on_model-back_view-VIfa4unqit.jpg,https://shop.adidas.jp/photo/HR/HR3446/s-HR3446-on_model-walking_view-0JzJ2uUHhk.jpg,https://shop.adidas.jp/photo/HR/HR3446/s-HR3446-3d_torso-front_center_view-TwZ2IOiN9B.jpg,https://shop.adidas.jp/photo/HR/HR3446/s-HR3446-on_model-detail_view_1-WXroIpX7Cd.jpg,https://shop.adidas.jp/photo/HR/HR3446/s-HR3446-on_model-detail_view_2-rERRV8zBDH.jpg","XS,S,M,L,XL,2XL,3XL",,,アディダスのDNAを受け継ぐ、快適なベロアトラックジャケット。,"トラックスーツといえば、カジュアルウェアのシンボル。でもこのジャケットのようにベロア素材となると、真のリラックス感とラグジュアリーな雰囲気までもが手に入る。ゴージャスであっても快適でなければウェアとしては失格だけど、このウェアはどちらにも妥協はしていない。

サステナブルな綿花栽培をサポートしている、アディダスのコットン製品。","フルジップ / リブ仕上げのボンバー襟,綿79% / リサイクルポリエステル21%（ベロア）,両サイドにポケット,リブ仕上げの袖口と裾,ベター・コットン・イニシアティブをサポート,商品番号：HR3446,色：テックインディゴ","{'胸囲': {'XS': '98cm', 'S': '101cm', 'M': '106cm', 'L': '108cm', 'XL': '113cm', '2XL': '119cm', '3XL': '126cm'}, 'うしろ着丈': {'XS': '65cm', 'S': '66cm', 'M': '67cm', 'L': '67cm', 'XL': '68cm', '2XL': '70cm', '3XL': '71cm'}, '袖丈': {'XS': '80cm', 'S': '80cm', 'M': '80cm', 'L': '80cm', 'XL': '81cm', '2XL': '81cm', '3XL': '82cm'}, '袖口幅': {'XS': '19cm', 'S': '19cm', 'M': '20cm', 'L': '20cm', 'XL': '20cm', '2XL': '20cm', '3XL': '21cm'}}",4.5,2,100%,"[('2022-11-11', '4.5 ', 'シルエットか良い', '着心地もとても良く、シルエットも気に入ってます、サイズもも標準的だと思います（170cm62kg Mサイズ）カラーも派手すぎず丁度いい具合いで好みでした。', 'adi1215'), ('2022-10-21', '4 ', '夫に購入', '172cmややがっちり体型の夫に、同じシリーズのボトムスと一緒にセットアップで着れるように購入しました。色がダークインディゴという名前の通り、只の青系ではなく深みのあるお色なので大人にも似合います。肌ざわりもベロアだけあってとてもなめらかです。購入して良かったです。', 'Mageko')]",3 / 5,3 / 5,4.5 / 5,4.5 / 5,"ウェア・服,アウター,ジャケット,オリジナルス,プライムブルー,リサイクル素材,ベターコットン,BVQ48"
https://shop.adidas.jp/products/HC4700/,"トップ,アクセサリー,フェイスカバー,オリジナルス,フェイスカバー 3枚組 / FACE COVERS 3-PACK",オリジナルス,フェイスカバー 3枚組 / FACE COVERS 3-PACK,"1,313","https://shop.adidas.jp/photo/HC/HC4700/s-HC4700-3d_torso-beauty_view.jpg,https://shop.adidas.jp/photo/HC/HC4700/s-HC4700-3d_torso-front_center_view.jpg,https://shop.adidas.jp/photo/HC/HC4700/s-HC4700-3d_torso-back_center_view.jpg,https://shop.adidas.jp/photo/HC/HC4700/s-HC4700-on_model-standard_view.jpg,https://shop.adidas.jp/photo/HC/HC4700/s-HC4700-on_model-side_view.jpg,https://shop.adidas.jp/photo/HC/HC4700/s-HC4700-on_model-back_view.jpg,https://shop.adidas.jp/photo/HC/HC4700/s-HC4700-on_model-walking_view.jpg,https://shop.adidas.jp/photo/HC/HC4700/s-HC4700-on_model-detail_view_1.jpg,https://shop.adidas.jp/photo/HC/HC4700/s-HC4700-on_model-detail_view_2.jpg,https://shop.adidas.jp/photo/HC/HC4700/s-HC4700-on_model-detail_view_3.jpg","M,O,2XO",,,飛沫の飛散を抑制するフェイスカバー。,"アディダスのスポーツスピリットは、競技やファッションだけに活かすものじゃない。コミュニティやチームの絆と強さを育むのに活かされるべきもの。このアディダスのフェイスカバーを着けて、みんなの健康を守るために一致団結しよう。快適な着け心地の柔軟な素材を使用しているから、呼吸もラクで使いやすい。

注意事項

・本製品は、口と鼻を覆う個人向けファッションアイテムであり、医療用マスクとしての規格を満たしているものではありません。個人防護具としての認定も受けていません。保護防護機能は一切備えていません。
・医療機関や介護施設などでの使用、または空気中の汚染物質や病原体などに曝されるリスクを軽減する目的での使用には適していません。
・本製品には、感染予防効果はありません。本製品で口と鼻を覆うことで、飛沫の飛散を抑制することができます。
・毎回着用時に一般的な衣料用洗剤で洗ってご使用ください。ご購入後、ご使用前に洗ってから着用してください。
・本製品本体が濡れたり、湿ったりした場合には交換してください。濡れたまま使用しないでください。
・本製品の着用によって、衛生基準に適合する事にはなりません。着用中は本製品に手で触れないようにしてください。
・肌荒れ等お肌に異常を感じた場合は医療機関にご相談ください。商品はホルマリンや一般的なアレルギー物質は含まれていません。
・繰り返し洗濯をしてご使用できますが乾燥機のご使用はできる限りお避け下さい。
・着用すると蒸れる可能性がございます。暑さを感じた場合には熱中症予防のため、商品を取り外し涼しい場所で熱中症対策を施してください。
・本製品を着用して激しい運動をした場合や、汗で本製品が濡れると呼吸困難になる可能性がございます。本製品を着用しての運動はしないでください。
・お子様が着用する際は保護者または監督者のもとで行い、異常が見られた場合はご使用を中止ください。
・正しいサイズを正しい位置で装着しご使用ください。サイズが合わない場合ご使用を中止してください。

返品について
・衛生面の理由から、本製品の返品・交換はできません。","サイズについて：Ｍ→お子様や小さめのサイズをご希望のお客様におすすめします。O→通常の大人用サイズに該当します。2XO→通常の大人用サイズがきつく感じるお客様におすすめします,製品タグ・パッケージ上のサイズ表記はインターナショナルサイズのため実際のサイズとは異なります。パッケージに貼られたラベル上のサイズが正しいサイズとなります。,商品番号：HC4700,色：ブラック/ブラック/ブラック,生産国：China,Vietnam",,,,,,,,,,"アクセサリー,フェイスカバー,オリジナルス,プライムブルー,プライムグリーン,リサイクル素材,FA0109"
https://shop.adidas.jp/products/HL9448/,"トップ,メンズ,ウェア・服,ボトムス,パンツ,オリジナルス,クラシックス,アディカラー クラシック,アディカラー クラシックス プラッシュ トラックパンツ",メンズ,アディカラー クラシックス プラッシュ トラックパンツ,"12,100","https://shop.adidas.jp/photo/HL/HL9448/s-HL9448-02-8G5uuxKFWk.jpg,https://shop.adidas.jp/photo/HL/HL9448/s-HL9448-71-tMuiYHsdno.jpg,https://shop.adidas.jp/photo/HL/HL9448/s-HL9448-72-IFvEjzOZIa.jpg,https://shop.adidas.jp/photo/HL/HL9448/s-HL9448-73-3HCiXuFnmp.jpg,https://shop.adidas.jp/photo/HL/HL9448/s-HL9448-03-ih7v8Bf2CS.jpg,https://shop.adidas.jp/photo/HL/HL9448/s-HL9448-04-IZQThQYHhL.jpg,https://shop.adidas.jp/photo/HL/HL9448/s-HL9448-06-bHWV3bCl20.jpg,https://shop.adidas.jp/photo/HL/HL9448/s-HL9448-05-Egttraaku1.jpg","XS,S,M,L,XL,2XL,3XL",,"[('アディカラー クラシックス プラッシュ トラックジャケット（ジャージ）', '12,100', 'HL9447', 'https://shop.adidas.jp/photo/HL/HL9447/s-HL9447-01-n50jqWC9ci.jpg', 'https://shop.adidas.jp/products/HL9447/'), ('アディカラー クラシックス プラッシュパーカー', '12,100', 'HL9453', 'https://shop.adidas.jp/photo/HL/HL9453/s-HL9453-01-0MSFQqgWaq.jpg', 'https://shop.adidas.jp/products/HL9453/')]",リサイクル素材を一部使用した、フェイクスエードのトラックパンツ。,もしも、いつも頼りにできるものが一つあるとするなら、それはトラックパンツの快適さ。そして、今季のアディダス パンツは、快適さだけでなく、思い切ったスタイリングにも欠かせない。そこでは、フェイクスエードが素材感を生かしてインパクトを与えている。どんなアイテムと合わせても、その上質で滑らかな生地がラグジュアリーな気分にさせてくれる。様々な素材をミックスしたコーディネートにまとめても、フェイクスエードで統一して目を引くスタイルにしてもいい。ややストレッチが効いているので、身体を動かしているときも、動いていない時も快適な着心地。,"スリムフィット,ドローコード付きの伸縮性ウエスト,リサイクルポリエステル92% / ポリウレタン8%（トリコット）,ミディアムライズのウエスト,前にジップポケット,リブ仕上げの袖口,商品番号：HL9448,色：シャドーマルーン","{'ウエスト': {'XS': '64cm', 'S': '67cm', 'M': '72cm', 'L': '74cm', 'XL': '79cm', '2XL': '86cm', '3XL': '93cm'}, '股下': {'XS': '72cm', 'S': '72cm', 'M': '72cm', 'L': '72cm', 'XL': '72cm', '2XL': '72cm', '3XL': '72cm'}, '股上': {'XS': '29cm', 'S': '29cm', 'M': '29cm', 'L': '30cm', 'XL': '30cm', '2XL': '31cm', '3XL': '31cm'}, 'ヒップ': {'XS': '90cm', 'S': '93cm', 'M': '98cm', 'L': '100cm', 'XL': '105cm', '2XL': '111cm', '3XL': '118cm'}, '裾回り': {'XS': '22cm', 'S': '22cm', 'M': '24cm', 'L': '24cm', 'XL': '26cm', '2XL': '28cm', '3XL': '28cm'}}",,,,,,,,,"ウェア・服,ボトムス,パンツ,オリジナルス,クラシックス,アディカラー,アディカラー クラシック,プライムブルー,プライムグリーン,リサイクル素材,VX546"
https://shop.adidas.jp/products/GX6632/,"トップ,ランニング,シューズ・靴,スポーツシューズ,ウルトラ 4DFWD / Ultra 4DFWD",ランニング,ウルトラ 4DFWD / ULTRA 4DFWD,"21,560","https://shop.adidas.jp/photo/GX/GX6632/s-GX6632-standard-side_lateral_center_view-zAR3dSvmmi.jpg,https://shop.adidas.jp/photo/GX/GX6632/s-GX6632-standard-top_portrait_view-roJTfIUYSg.jpg,https://shop.adidas.jp/photo/GX/GX6632/s-GX6632-standard-bottom_view-OatUcVwqTH.jpg,https://shop.adidas.jp/photo/GX/GX6632/s-GX6632-standard-front_lateral_top_view-twB3uaHHWI.jpg,https://shop.adidas.jp/photo/GX/GX6632/s-GX6632-standard-back_lateral_top_view-NamJ5p9Y0R.jpg,https://shop.adidas.jp/photo/GX/GX6632/s-GX6632-standard-side_medial_center_view-EhIa6qxxlA.jpg,https://shop.adidas.jp/photo/GX/GX6632/s-GX6632-standard-mirrored_pair_view-odTIVVn8uQ.jpg,https://shop.adidas.jp/photo/GX/GX6632/s-GX6632-standard-detail_view_1-sxcqw06xNC.jpg,https://shop.adidas.jp/photo/GX/GX6632/s-GX6632-standard-detail_view_2-KorkxP7jB8.jpg","24.5cm,25.0cm,25.5cm,26.0cm,26.5cm,27.0cm,27.5cm,28.0cm,28.5cm,29.0cm,29.5cm,30.0cm,31.0cm",,,パーレイ・オーシャン・プラスチックを一部使用したランニングシューズ。,"ランニングとは、一歩一歩あるいは1キロ1キロ、日々前進すること。スピードの緩急や距離は関係ない。とにかく正しい方向に進みたいランナーのためにデザインされたのが、このアディダスシューズ。ミッドソールの角度をつけた格子状の作りが、前進し続ける足にサポート力とクッション性を提供。その結果、アスファルトの道路を踏み鳴らすようなドタドタ走りとは違う、滑るような軽やかな走りを導く。足をぴったりと包むadidas PRIMEKNIT アッパーと、濡れた路面も乾いた路面もしっかりグリップする、滑りにくいラバーアウトソールを合わせている。

素材に用いているのは、海洋汚染を防ぐために、離島や海岸、海沿いのコミュニティで海に流入する前に回収したプラスチック廃棄物をアップサイクルして生まれたパーレイ・オーシャン・プラスチック。シューズのアッパーを製造する糸に、これを50％以上使用し、残りの50%は、リサイクルポリエステルの糸を使用。","シューレースクロージャー,adidas PRIMEKNIT テキスタイルアッパー,アディダス 4Dミッドソール,テキスタイルライニング,重量：394 g,ミッドソールドロップ：11 mm (ヒール：32 mm / 前足部：21 mm),Continental™ラバーアウトソール,アッパーに使用されている糸は、50%以上がパーレイ・オーシャン・プラスチック製、残りの50%がリサイクルポリエステル製,商品番号：GX6632,色：コアブラック/コアブラック/カーボン,生産国：Vietnam",,,,,,,,,,"シューズ・靴,スポーツシューズ,ランニング,ローカット,4D,プライムニット,コンチネンタル,パーレイ,プライムブルー,リサイクル素材,ランニングシューズ・靴,LWE84"
https://shop.adidas.jp/products/HR3181/,"トップ,ウェア・服,アウター,ジャケット,オリジナルス,FIND YOUR COLOR,INI着用商品 シェルパ ジャケット",オリジナルス,INI着用商品 シェルパ ジャケット,"11,000","https://shop.adidas.jp/photo/HR/HR3181/s-HR3181-on_model-standard_view-OsBcOxzUlL.jpg,https://shop.adidas.jp/photo/HR/HR3181/s-HR3181-31-xAL66ZgQa7.jpg,https://shop.adidas.jp/photo/HR/HR3181/s-HR3181-on_model-back_view-S2Yc57u8Tz.jpg,https://shop.adidas.jp/photo/HR/HR3181/s-HR3181-on_model-walking_view-V7RnP384O0.jpg,https://shop.adidas.jp/photo/HR/HR3181/s-HR3181-3d_torso-front_center_view-Tle7CrLrIc.jpg,https://shop.adidas.jp/photo/HR/HR3181/s-HR3181-on_model-detail_view_1-Gr8RtzigFM.jpg,https://shop.adidas.jp/photo/HR/HR3181/s-HR3181-on_model-detail_view_2-pPYTKU5p0v.jpg,https://shop.adidas.jp/photo/HR/HR3181/s-HR3181-on_model-standard_unisex_pair_shot-xr7N5efN6H.jpg,https://shop.adidas.jp/photo/HR/HR3181/s-HR3181-on_model-standard_unisex_back_view-LDvHulfmvc.jpg","XS,S,M,L,O (XL),XO (2XL),2XO (3XL)","小さめ,適切,大きめ,","[('アディカラー トラックパンツ（ジャージ）', '11,000', 'HS2001', 'https://shop.adidas.jp/photo/HS/HS2001/s-HS2001-on_model-standard_view-eVpYiu2GGQ.jpg', 'https://shop.adidas.jp/products/HS2001/')]",トレフォイルがひときわ目を引くシェルパフリース ジャケット。,伝説のトレフォイルをまとう。70年代からずっとスポーツ界でトップを走ってきた。このアディダスジャケットは、大胆なデザインがこれまでになく新鮮。寒い季節の外出時には、ソフトな風合いの快適なシェルパフリース［裏起毛］が身体を暖かく包んでくれる。,"フルジップ / 立ち襟,リサイクルポリエステル100%（ポーラーフリース）,伸縮性の袖口,裾に引きひも,商品番号：HR3181,色：クリームホワイト/ワイルドブラウン","{'胸囲': {'XS': '109cm', 'S': '113cm', 'M': '117cm', 'L': '121cm', 'O (XL)': '125cm', 'XO (2XL)': '129cm', '2XO (3XL)': '133cm', '3XO (4XL)': '137cm', '4XO (5XL)': '141cm'}, 'うしろ着丈': {'XS': '63cm', 'S': '65cm', 'M': '67cm', 'L': '69cm', 'O (XL)': '71cm', 'XO (2XL)': '73cm', '2XO (3XL)': '75cm', '3XO (4XL)': '77cm', '4XO (5XL)': '79cm'}}",4.9,17,100%,"[('2022-10-26', '4.9 ', 'デザインが可愛い', 'INIコラボ商品で購入しました。デザインも可愛いですが、何より暖かいです。オーバーサイズなので下に厚手のセーターを着ても快適に着こなせます。', 'MINIKKO'), ('2022-04-22', '5 ', '可愛い&暖かい', '186/75で、いつも通りのサイズの2XOを購入しましたがややゆったりサイズでした。\nビッグトレフォイルが可愛いし、軽く暖かくて快適です。\nセールで安く買えて満足の一品です。', 'takechandesuyo'), ('2021-12-23', '5 ', '大きめがおすすめです', 'かわいくて暖かいです。\n158cmでLサイズを購入。\n充分ゆったりですがもう1サイズ上がよかったかも。\n大きめがぜったいかわいいと思います。', 'rinco'), ('2022-10-14', '5 ', '色がとても可愛いです。', 'オーバーサイズで、着た感じもとても良いです。\n娘へのプレゼントに購入したのですが、大喜びしてくれました。', 'kitty'), ('2021-11-11', '5 ', '一目惚れ！即決！水色ボア可愛い！', '画像の女性モデルとほぼ同じ体型で2番目に大きいサイズを購入。着た感じと色も画像と同じ感じでめっちゃ可愛いです。元の作りもゆったりめですがゆるゆるぶかぶかに着たいならワンサイズupがオススメです。中が薄着でも充分暖かいです。大満足です！', 'supersunny15'), ('2022-10-22', '5 ', '気にいってます。', 'かっこいいです。着心地もいいですよ。\nペアで購入しました。\nみなさんおすすめします。\n他の色も沢山あればいいと思います。', '2221'), ('2022-10-26', '5 ', 'デザインが好き', 'INIとコラボしていて購入しました。デザインも可愛くてとっても暖かいので冬にもってこいの商品です。愛用決定です。', 'mj1103'), ('2022-04-23', '5 ', 'カッコカワイイ', '186/75で2XOを購入しましたがやや大きめでした。\n思っていたより軽く暖かいので来年の秋以降に着用しようと思います。\nデザインも格好良く、可愛いのでお気に入りです。', 'TAKECHANd'), ('2022-11-18', '5 ', 'お気に入り', '色は勿論、デザインも着心地も良く、且つ、暖かい。ファスナーのツマミがトレフォイルロゴと細部にまでこだわった良き逸品。当方170cmで2XL購入。やや大きめだが中にパーカーなど重ね着できるしユルッと着れる感じが最高。', 'KR69'), ('2022-10-29', '5 ', '色違いも買おうかな～', 'いつものサイズよりふた回りほど大きい物を買いましたが、ジャケットとしてはちょうど良いかなという感じです。\n着た瞬間、重いかな？と感じましたが慣れるとそれが温かさへの安心感に。\n質感も良いですし、ファスナー引手のアディダスマークもおしゃれ。', 'karasu')]",3.7 / 5,3.3 / 5,4.2 / 5,4.6 / 5,"ウェア・服,アウター,ジャケット,オリジナルス,FIND YOUR COLOR,ウィンターコレクション,プライムブルー,プライムグリーン,リサイクル素材,CB535"
https://shop.adidas.jp/products/HL9261/,"トップ,メンズ,ウェア・服,トップス,パーカー(フーディー),オリジナルス,グラフィックス ユナイトパーカー",メンズ,グラフィックス ユナイトパーカー,"12,100","https://shop.adidas.jp/photo/HL/HL9261/s-HL9261-on_model-standard_view-tviZbYCTy2.jpg,https://shop.adidas.jp/photo/HL/HL9261/s-HL9261-on_model-back_view-SCCrP57yzA.jpg,https://shop.adidas.jp/photo/HL/HL9261/s-HL9261-on_model-walking_view-SWl4f3mawQ.jpg,https://shop.adidas.jp/photo/HL/HL9261/s-HL9261-3d_torso-front_center_view-V2OLJmyu2V.jpg,https://shop.adidas.jp/photo/HL/HL9261/s-HL9261-on_model-detail_view_1-X98jeVUWj2.jpg,https://shop.adidas.jp/photo/HL/HL9261/s-HL9261-on_model-detail_view_2-V2H82Utwgr.jpg","XS,S,M,L,XL,2XL,3XL",,,気取らない雰囲気とオーセンティックなスタイルが融合したパーカー。,"ダンスとムーブメントは、人と人をつなぐ世界共通の言語。これは、自己表現の大切さをテーマにデザインした、アディダスのパーカー。袖に施した刺しゅう、パフプリントとラバープリントグラフィックのユニークな風合いがアクセントの、どんなウェアにも合う一枚。素材には、とびきり暖かい厚手のフリースを使用している。

サステナブルな綿花栽培をサポートしている、アディダスのコットン製品。","レギュラーフィット,ドローコードでフィット感を調節できるフード,綿70% / リサイクルポリエステル30%（フリース［裏起毛］）,重厚感のある風合い,カンガルーポケット,リブ仕上げの袖口と裾,ベター・コットン・イニシアティブをサポート,商品番号：HL9261,色：ブラック","{'胸囲': {'XS': '99cm', 'S': '102cm', 'M': '107cm', 'L': '109cm', 'XL': '114cm', '2XL': '120cm', '3XL': '127cm'}, 'うしろ着丈': {'XS': '67cm', 'S': '68cm', 'M': '69cm', 'L': '69cm', 'XL': '70cm', '2XL': '72cm', '3XL': '73cm'}, 'フード長さ': {'XS': '58cm', 'S': '58cm', 'M': '59cm', 'L': '59cm', 'XL': '60cm', '2XL': '60cm', '3XL': '61cm'}, '袖丈': {'XS': '65cm', 'S': '65cm', 'M': '65cm', 'L': '65cm', 'XL': '65cm', '2XL': '65cm', '3XL': '65cm'}}",,,,,,,,,"ウェア・服,トップス,パーカー(フーディー),スウェット（トレーナー）,オリジナルス,プライムブルー,リサイクル素材,ベターコットン,JG026"
https://shop.adidas.jp/products/HK7462/,"トップ,メンズ,ウェア・服,ボトムス,スウェット（トレーナー）,オリジナルス,アディカラー,アディカラー コンテンポ 3D スウェットパンツ",メンズ,アディカラー コンテンポ 3D スウェットパンツ,"10,010","https://shop.adidas.jp/photo/HK/HK7462/s-HK7462-on_model-standard_view-kGZ95YBG0w.jpg,https://shop.adidas.jp/photo/HK/HK7462/s-HK7462-on_model-back_view-Yf4PTd1qb7.jpg,https://shop.adidas.jp/photo/HK/HK7462/s-HK7462-on_model-walking_view-fCYAC0utr9.jpg,https://shop.adidas.jp/photo/HK/HK7462/s-HK7462-3d_torso-front_center_view-aISfCPBg41.jpg,https://shop.adidas.jp/photo/HK/HK7462/s-HK7462-on_model-detail_view_1-wtmkCcj3xE.jpg,https://shop.adidas.jp/photo/HK/HK7462/s-HK7462-on_model-detail_view_2-AL4vjO4VgI.jpg","XS,S,M,L,XL,2XL,3XL",,"[('スタンスミス / STAN SMITH', '10,010', 'FX5522', 'https://shop.adidas.jp/photo/FX/FX5522/s-FX5522-standard-side_lateral_view.jpg', 'https://shop.adidas.jp/products/FX5522/'), ('アディカラー コンテンポ Tシャツ', '6,050', 'HK0317', 'https://shop.adidas.jp/photo/HK/HK0317/s-HK0317-on_model-front_view-GHNvgphHxQ.jpg', 'https://shop.adidas.jp/products/HK0317/')]",リサイクル素材で作られた、ルーズなデザインのスウェットパンツ。,"快適なはき心地でカジュアル過ぎない、そんなパンツが欲しかった人に朗報。望み通りのスウェットパンツが登場。伸縮性のあるウエストにドローコードを設け、脚を曲げたり伸ばしたり、軽快に動けるルーズなシルエットに仕上げたアイテム。独特の風合いとデザインが特徴的な、3Dエフェクトを加えたタイムレスなストライプ、そしてフロントには必携品が入るジップポケットをあしらっている。

プラスチック廃棄物ゼロを目指すアディダスの取り組みの一つをカタチにした、100%リサイクル素材で作られたアイテム。","ルーズフィット,ドローコード付きの伸縮性ウエスト,表地：リサイクルポリエステル100%（ベルベット）,裏地：リサイクルポリエステル100%（メッシュ）,ミディアムライズのウエスト,前にジップポケット,伸縮性のあるカフ,商品番号：HK7462,色：ミネラルグリーン","{'ウエスト': {'XS': '63cm', 'S': '66cm', 'M': '71cm', 'L': '73cm', 'XL': '78cm', '2XL': '85cm', '3XL': '92cm'}, '股下': {'XS': '70cm', 'S': '70cm', 'M': '70cm', 'L': '70cm', 'XL': '70cm', '2XL': '70cm', '3XL': '70cm'}, '股上': {'XS': '30cm', 'S': '30cm', 'M': '31cm', 'L': '31cm', 'XL': '31cm', '2XL': '32cm', '3XL': '33cm'}, 'ヒップ': {'XS': '99cm', 'S': '101cm', 'M': '106cm', 'L': '109cm', 'XL': '114cm', '2XL': '120cm', '3XL': '127cm'}, '裾回り': {'XS': '22cm', 'S': '22cm', 'M': '24cm', 'L': '24cm', 'XL': '26cm', '2XL': '28cm', '3XL': '28cm'}}",4,1,100%,"[('2022-11-20', '4 ', 'サイズ感が、、、', 'デザインはすごく好きですが、写真のように着るにはXSでも少し丈が長くイメージとのズレを感じました。\n素材は裏地もメッシュになっていて履きやすく満足です。', 'Keita')]",4 / 5,5 / 5,5 / 5,5 / 5,"ウェア・服,ボトムス,スウェット（トレーナー）,パンツ,オリジナルス,アディカラー,プライムブルー,プライムグリーン,リサイクル素材,BU773"
https://shop.adidas.jp/products/GX4450/,"トップ,シューズ・靴,スニーカー,オリジナルス,スタンスミス,スタンスミス / Stan Smith",オリジナルス,スタンスミス / STAN SMITH,"8,789","https://shop.adidas.jp/photo/GX/GX4450/s-GX4450-standard-side_lateral_center_view-37EoGbZsvP.jpg,https://shop.adidas.jp/photo/GX/GX4450/s-GX4450-on_model-front_view-xB4kNKvv3t.jpg,https://shop.adidas.jp/photo/GX/GX4450/s-GX4450-standard-top_portrait_view-Ybykj11pek.jpg,https://shop.adidas.jp/photo/GX/GX4450/s-GX4450-standard-bottom_view-AJMuTGKViF.jpg,https://shop.adidas.jp/photo/GX/GX4450/s-GX4450-standard-front_lateral_top_view-B6pnUiccth.jpg,https://shop.adidas.jp/photo/GX/GX4450/s-GX4450-standard-back_lateral_top_view-KTmoiYVHGL.jpg,https://shop.adidas.jp/photo/GX/GX4450/s-GX4450-standard-side_medial_center_view-Ngnlk0uaTh.jpg,https://shop.adidas.jp/photo/GX/GX4450/s-GX4450-standard-mirrored_pair_view-Ly3UMFJ0pf.jpg,https://shop.adidas.jp/photo/GX/GX4450/s-GX4450-standard-detail_view_1-6yzGZ00Ro7.jpg,https://shop.adidas.jp/photo/GX/GX4450/s-GX4450-standard-detail_view_2-C2sUaIKtkN.jpg,https://shop.adidas.jp/photo/GX/GX4450/s-GX4450-standard-detail_view_3-tzv2q4QPTj.jpg","22.0cm,22.5cm,23.0cm,23.5cm,24.0cm,24.5cm,25.0cm,25.5cm,26.0cm,26.5cm,27.0cm,27.5cm,28.0cm,28.5cm,29.0cm,29.5cm,30.0cm",,"[('アディカラー エッセンシャルズ トレフォイルパンツ', '8,789', 'HK0107', 'https://shop.adidas.jp/photo/HK/HK0107/s-HK0107-72-WGObSoimXB.jpg', 'https://shop.adidas.jp/products/HK0107/')]",リサイクル素材を一部使用した、アディダス スタンスミス。,アディダス スタンスミスは決して廃れない。実際、世界中どこでも見かける。テニスコートを席巻した後も、そこにとどまらず、ステージでも、ランウェイでも注目を浴びた。そう、あらゆる場所で、スタンスミスは存在感を表してきた。スタイルを変えることなく。ミニマルなシルエットと控えめなパンチングのスリーストライプをあしらい、50年経った今もそのタイムレスな魅力が受け継がれている。変わったところといえば、今はリサイクル素材を使用して作っているということ。,"レギュラーフィット,シューレースクロージャー,合成皮革アッパー,足を包み込むようなフィット感,合成皮革ライニング,ラバーアウトソール,アッパーのリサイクル素材含有率は50%以上,商品番号：GX4450,色：メタルグレー/カレッジネイビー/メタルグレー",,4.7,3,100%,"[('2022-10-31', '4.7 ', '初のスタンスミス', 'アディダスのシューズは何足か持っていますがスタンスミスはまだ未購入だったのです。\nホワイトよりはグレイがかった色を検索していてこのモデルを見つけました。\n結果、色あい・履き心地ともに満足の１足でした。', 'mashii'), ('2022-11-13', '5 ', 'フィット感が心地よい', 'スタンスミスという歴史のあるブランドにグレーの色味。とてもシンプルですがおしゃれ感のあるデザインを気に入り購入しました。履き心地も柔らか目で私にはとても丁度良いフィット感です。', 'daiky'), ('2022-11-12', '4 ', '真っ白でないのが良い', '白いスニーカーが好きだが、よくある本当に真っ白というのはあまり好みでなく、このスニーカーの少しグレーがかった白がとてもいい色で気に入っています。まだ長距離は歩いていないけれど、今のところ快適に履けています。スニーカーで距離を歩くと小指が痛くなったりする事があるので、このスニーカーがどうなのか？と思っています。', 'rieee')]",2.7 / 5,3 / 5,5 / 5,4 / 5,"シューズ・靴,スニーカー,オリジナルス,スタンスミス,ローカット,LKQ10"
https://shop.adidas.jp/products/HJ9568/,"トップ,メンズ,サッカー,アクセサリー,ボール,FIFAワールドカップ カタール 2022™ ボール,アル・リフラ　プロ",メンズ,アル・リフラ　プロ,"18,700","https://shop.adidas.jp/photo/HJ/HJ9568/s-HJ9568-31-JFCyvAQJtE.jpg,https://shop.adidas.jp/photo/HJ/HJ9568/s-HJ9568-32-HNzgZRFtEv.jpg,https://shop.adidas.jp/photo/HJ/HJ9568/s-HJ9568-41-QeRS397Ifu.jpg,https://shop.adidas.jp/photo/HJ/HJ9568/s-HJ9568-43-D36MUTyQFI.jpg,https://shop.adidas.jp/photo/HJ/HJ9568/s-HJ9568-44-W2oe5p480G.jpg,https://shop.adidas.jp/photo/HJ/HJ9568/s-HJ9568-45-iQubfWNUqw.jpg,https://shop.adidas.jp/photo/HJ/HJ9568/s-HJ9568-46-aPIrOrLiU7.jpg,https://shop.adidas.jp/photo/HJ/HJ9568/s-HJ9568-47-2erc9fv7Yg.jpg,https://shop.adidas.jp/photo/HJ/HJ9568/s-HJ9568-33-vJ1qGJCzjf.jpg,https://shop.adidas.jp/photo/HJ/HJ9568/s-HJ9568-34-ijfDw5V65X.jpg",5号球,,,2022 FIFAワールドカップカタール大会 公式試合球,ボールはキミのスタートラインにすぎない。その先のサッカーの軌跡はこれから描かれていくから。この縫い目のないアディダス アル・リフラ プロボールなら、より正確なボールタッチを狙える。スピードシェルパネルの形状はダウ船からヒントを得たもの。全体にダイヤモンドデボス加工を施し凹凸をつけることで、よりカーブがかかる作りになっている。パールのような光沢を放つ表面加工の下に、鮮やかなグラフィックが輝くデザイン。,"国際公認球,JFA検定,サーマルボンディング、人工皮革,ブチルゴムチューブ,サーマルボンディング（熱接合）製法によるシームレス構造,FIFA Quality Pro認定マーク入り,要空気注入,商品番号：HJ9568,色：ホワイト/パントーン",,5,1,100%,"[('2022-08-24', '5 ', 'デザインが気に入っている', '蹴り心地も良く、スポットに入ればトラップもピタリと止まって素晴らしく、基本が出来ていれば思ったようにコントロールしたボールが蹴れる。', 'kizmthr0728')]",3 / 5,3 / 5,3 / 5,3 / 5,"アクセサリー,ボール,サッカー,フットサル,FIFAワールドカップ カタール 2022™ ボール,シームレス,プライムブルー,リサイクル素材,サッカーアクセサリー,フットサルアクセサリー,VU692"
https://shop.adidas.jp/products/GY5969/,"トップ,シューズ・靴,スニーカー,オリジナルス,スタンスミス,スタンスミス / Stan Smith",オリジナルス,スタンスミス / STAN SMITH,"9,450","https://shop.adidas.jp/photo/GY/GY5969/s-GY5969-standard-side_lateral_center_view.jpg,https://shop.adidas.jp/photo/GY/GY5969/s-GY5969-standard-top_portrait_view.jpg,https://shop.adidas.jp/photo/GY/GY5969/s-GY5969-standard-bottom_view.jpg,https://shop.adidas.jp/photo/GY/GY5969/s-GY5969-standard-front_lateral_top_view.jpg,https://shop.adidas.jp/photo/GY/GY5969/s-GY5969-standard-back_lateral_top_view.jpg,https://shop.adidas.jp/photo/GY/GY5969/s-GY5969-standard-side_medial_center_view.jpg,https://shop.adidas.jp/photo/GY/GY5969/s-GY5969-standard-mirrored_pair_view.jpg,https://shop.adidas.jp/photo/GY/GY5969/s-GY5969-standard-detail_view_1.jpg,https://shop.adidas.jp/photo/GY/GY5969/s-GY5969-standard-detail_view_2.jpg","22.0cm,22.5cm,23.0cm,23.5cm,24.0cm,24.5cm,25.0cm,25.5cm,26.0cm,26.5cm,27.0cm,27.5cm,28.0cm,28.5cm,29.0cm,30.0cm",,,リサイクル素材を一部使用した、新鮮味あふれるスタンスミス。,"すっきりしたライン。シンプルなスタイル。汎用性の高さ。70年代にデビューしてから、そのクリーンなルックスで不動の人気を誇るスタンスミスは今季も健在。今回は新たにネオプレンのディテールとアクセントカラーを添えて、新鮮味を加えている。カジュアルな週末の外出や、職場で、あるいはナイトアウトにもぴったりなデザイン。どこにいても足元から輝ける。

アッパーにはリサイクル素材を50％以上使用するなど、プラスチック廃棄物ゼロを目指すアディダスの取り組みの一つをカタチにしたアイテム。","レギュラーフィット,シューレースクロージャー,合成皮革アッパー,足を包み込むようなフィット感,ネオプレンのライニング,ラバーアウトソール,アッパーのリサイクル材料含有率は50％以上,商品番号：GY5969,色：フットウェアホワイト/フットウェアホワイト/オレンジラッシュ",,,,,,,,,,"シューズ・靴,スニーカー,オリジナルス,スタンスミス,ローカット,LVH76"
https://shop.adidas.jp/products/F36760/,"トップ,メンズ,アウトドア,シューズ・靴,スポーツシューズ,アディダス テレックス,TXHIKER MID GTX",メンズ,TXHIKER MID GTX,"14,300","https://shop.adidas.jp/photo/F3/F36760/s-F36760-standard-side_lateral_center_view.jpg,https://shop.adidas.jp/photo/F3/F36760/s-F36760-standard-top_portrait_view.jpg,https://shop.adidas.jp/photo/F3/F36760/s-F36760-standard-bottom_view.jpg,https://shop.adidas.jp/photo/F3/F36760/s-F36760-standard-front_lateral_top_view.jpg,https://shop.adidas.jp/photo/F3/F36760/s-F36760-standard-back_lateral_top_view.jpg,https://shop.adidas.jp/photo/F3/F36760/s-F36760-standard-side_medial_center_view.jpg,https://shop.adidas.jp/photo/F3/F36760/s-F36760-standard-mirrored_pair_view.jpg,https://shop.adidas.jp/photo/F3/F36760/s-F36760-standard-detail_view_1.jpg,https://shop.adidas.jp/photo/F3/F36760/s-F36760-standard-detail_view_2.jpg,https://shop.adidas.jp/photo/F3/F36760/s-F36760-standard-detail_view_3.jpg","22.0cm,22.5cm,23.0cm,23.5cm,24.0cm,24.5cm,25.0cm,25.5cm,26.0cm,26.5cm,27.0cm,27.5cm,28.0cm,28.5cm,29.0cm,29.5cm,30.0cm,30.5cm,31.0cm,31.5cm,32.0cm",,,険しいルートも楽に歩ける、クッション性とグリップ力に富む一足。,どんなコンディションのトレイルでも、信頼できる足運びをもたらす。ぬかるんだ、起伏の激しいルートでグリップ力を発揮。しっかりと安定した足取りを生むハイキングシューズ。防水性と通気性を両立するGORE-TEX素材のアッパーとクッション性のあるミッドソールにより、一日中快適にハイキングを楽しめる。,"レギュラーフィット,シューレースクロージャー,メッシュとシンセティック素材のアッパー,防水性、透湿性に優れたGORE-TEXライニング / 非常にトラクションの効いたラバーアウトソール / 適切なグリップ力を発揮するTraxionアウトソール,丈夫で軽量なEVAミッドソール / 成型ソックライナー,重量：390 g （24 cm片足重量）,ミッドソールドロップ：8 mm (ヒール 21 mm / 前足部 13 mm),商品番号：F36760,色：グレーシックス/コアブラック/グレーファイブ,生産国：Vietnam",,3.7,3,100%,"[('2022-10-24', '3.7 ', 'GTXなので', 'いつも27cmを履いていますが、このシューズは27.5cmを買っていました。コレを購入したのは2年程前かな？コメントを参考にして購入したと思います。GTXなので雨の日に良いかなと。', 'gatyrooty'), ('2019-09-12', '4 ', '札幌の冬の普段履き・ウォーキング用。サイズに注意を', '', 'NANASUTE'), ('2020-03-02', '4 ', '冬の北関東でも大丈夫', '', 'shin1963')]",2.7 / 5,3 / 5,4 / 5,4 / 5,"シューズ・靴,スポーツシューズ,アディダス テレックス,アウトドア,ミドルカット,ゴアテックス,トラクション,防水・撥水,ハイキング/トレッキング/登山,アウトドアシューズ・靴,DBI34"
https://shop.adidas.jp/products/HR0518/,"トップ,ランニング,シューズ・靴,スニーカー,スポーツウェア,ブラックパンサー,マーベル,ULTRABOOST 5.0 DNA x Black Panther 2 M",スポーツウェア,ULTRABOOST 5.0 DNA X BLACK PANTHER 2 M,"4,612","https://shop.adidas.jp/photo/HR/HR0518/s-HR0518-standard-side_lateral_center_view-5Eb79DkzFl.jpg,https://assets.adidas.com/videos/w_170/e4f173a611a24ad3bfa1ae990105a91f_d98c/HR0518_product_video.jpg,https://shop.adidas.jp/photo/HR/HR0518/s-HR0518-on_model-front_view-0xqKJWlGU6.jpg,https://shop.adidas.jp/photo/HR/HR0518/s-HR0518-standard-top_portrait_view-AxwGjLcOUd.jpg,https://shop.adidas.jp/photo/HR/HR0518/s-HR0518-standard-bottom_view-GvsAbh7iEW.jpg,https://shop.adidas.jp/photo/HR/HR0518/s-HR0518-standard-front_lateral_top_view-tuxI9xzDw9.jpg,https://shop.adidas.jp/photo/HR/HR0518/s-HR0518-standard-back_lateral_top_view-X2CVC1hu54.jpg,https://shop.adidas.jp/photo/HR/HR0518/s-HR0518-standard-side_medial_center_view-FJ3686mKI6.jpg,https://shop.adidas.jp/photo/HR/HR0518/s-HR0518-standard-beauty_view-zWgOARrknK.jpg,https://shop.adidas.jp/photo/HR/HR0518/s-HR0518-standard-mirrored_pair_view-UKkWRrL7bX.jpg,https://shop.adidas.jp/photo/HR/HR0518/s-HR0518-standard-packaging_view-FCX11pmUWj.jpg,https://shop.adidas.jp/photo/HR/HR0518/s-HR0518-standard-detail_view_1-oqPos7K4DY.jpg,https://shop.adidas.jp/photo/HR/HR0518/s-HR0518-standard-detail_view_2-qz30nOOzFU.jpg,https://shop.adidas.jp/photo/HR/HR0518/s-HR0518-standard-detail_view_3-xr6w1eexn8.jpg,https://shop.adidas.jp/photo/HR/HR0518/s-HR0518-standard-detail_view_4-qof1VmLCsx.jpg","22.0cm,22.5cm,23.0cm,23.5cm,24.0cm,24.5cm,25.0cm,25.5cm,26.0cm,26.5cm,27.0cm,27.5cm,28.0cm,28.5cm,29.0cm,29.5cm,30.0cm,31.0cm",,"[('オウン ザ ラン ロングタイツ / OWN THE RUN LONG TIGHTS', '4,612', 'ED9288', 'https://shop.adidas.jp/photo/ED/ED9288/s-ED9288-on_model-standard_view.jpg', 'https://shop.adidas.jp/products/ED9288/')]",パーレイ・オーシャン・プラスチックを一部使用した、マーベル『ブラックパンサー』スタイルのシューズ。,このアディダス ウルトラブースト 5.0 DNAシューズは、マーベルの『ブラックパンサー』へのオマージュを込めた一足。短距離ランや長距離のウォーキング向けにデザインされたこのランニングシューズは、サポート力に優れるadidas PRIMEKNIT アッパーと驚異的なエネルギーの循環をもたらすBOOSTを組み合わせている。ヒールカウンターにあしらったグラフィックがスタイルのアクセント。,"レギュラーフィット,シューレースクロージャー,adidas PRIMEKNIT アッパー,Fitcounter 成型ヒールカウンター,BOOSTミッドソール,Continental™ ラバーを採用したストレッチウェブアウトソール,©Marvel,アッパーに使用されている糸は、50%以上がパーレイ・オーシャン・プラスチック製、残りの50%がリサイクルポリエステル製,商品番号：HR0518,色：コアブラック/フットウェアホワイト/トライブパープル",,,,,,,,,,"シューズ・靴,スニーカー,スポーツウェア,ランニング,ブラックパンサー,ディズニー,ウルトラブースト,マーベル,ローカット,ブースト,プライムニット,コンチネンタル,ストレッチウェブ,ロングラン,パーレイ,プライムブルー,リサイクル素材,ランニングシューズ・靴,LSE66"
https://shop.adidas.jp/products/H50984/,"トップ,メンズ,ゴルフ,ウェア・服,アウター,ジャケット,ハイブリッド 長袖ダウンジャケット",メンズ,ハイブリッド 長袖ダウンジャケット,"15,400","https://shop.adidas.jp/photo/H5/H50984/s-H50984-on_model-standard_view.jpg,https://assets.adidas.com/videos/w_170/6bcd57a63c404129ab91ad250165e0a4_d98c/H50984_product_video.jpg,https://shop.adidas.jp/photo/H5/H50984/s-H50984-marketing-heromrktng_view_1.jpg,https://shop.adidas.jp/photo/H5/H50984/s-H50984-marketing-heromrktng_view_2.jpg,https://shop.adidas.jp/photo/H5/H50984/s-H50984-on_model-side_view.jpg,https://shop.adidas.jp/photo/H5/H50984/s-H50984-on_model-back_view.jpg,https://shop.adidas.jp/photo/H5/H50984/s-H50984-on_model-walking_view.jpg,https://shop.adidas.jp/photo/H5/H50984/s-H50984-3d_torso-front_center_view.jpg,https://shop.adidas.jp/photo/H5/H50984/s-H50984-on_model-detail_view_1.jpg,https://shop.adidas.jp/photo/H5/H50984/s-H50984-on_model-detail_view_2.jpg,https://shop.adidas.jp/photo/H5/H50984/s-H50984-on_model-detail_view_3.jpg","S,M,L,O (XL),XO (2XL)",,,ダウンが身体のコアを温める、キルト仕様のゴルフジャケット。,熱心なゴルフ好きは、ちょっと寒いくらいでコースに出るのを諦めたりはしない。ちょっと寒くなったときに重宝するのが、このジャケット。ダウンが身体の芯を温め、袖には伸縮ウーブン生地を使用しているから動きやすい。首回りから冷たい風が入るのを防ぐスタンドカラーデザインで、ショットの合い間に手を温められるポケットも付いている。,"レギュラーフィット,フルジップ / スタンドカラー,シェル：ナイロン86% / ポリウレタン14%（ドビー）、耐久性のある撥水（DWR）コーティング,中わた：ダックダウン80％ / フェザー20％,前にポケット,キルティングの前身頃と後ろ身頃,軽い中わた入り,伸縮性のあるウーブンファブリック,商品番号：H50984,色：クルーネイビー,生産国：Vietnam","{'胸囲': {'S': '110cm', 'M': '114cm', 'L': '118cm', 'O (XL)': '122cm', 'XO (2XL)': '126cm'}, '後ろ着丈': {'S': '69cm', 'M': '71cm', 'L': '73cm', 'O (XL)': '75cm', 'XO (2XL)': '77cm'}}",3,1,100%,"[('2022-11-19', '3 ', 'TALL179CM 76KG XLで丁度いい', 'Tall179cm 76kg、少し着丈長く、身頃周り少し大きいですが、本製品サイズXLが丁度でした。', 'V55W')]",4 / 5,4 / 5,3 / 5,3 / 5,"ウェア・服,アウター,ジャケット,ゴルフ,防水・撥水,ゴルフウェア・服,CH585"
https://shop.adidas.jp/products/GY1892/,"トップ,シューズ・靴,スニーカー,オリジナルス,スタンスミス,スタンスミス / Stan Smith",オリジナルス,スタンスミス / STAN SMITH,"13,200","https://shop.adidas.jp/photo/GY/GY1892/s-GY1892-standard-side_lateral_center_view-KyJSZPCY7u.jpg,https://shop.adidas.jp/photo/GY/GY1892/s-GY1892-71-DsVk79r6hi.jpg,https://shop.adidas.jp/photo/GY/GY1892/s-GY1892-72-9eI9HmXwDv.jpg,https://shop.adidas.jp/photo/GY/GY1892/s-GY1892-73-cxKUwNnMVi.jpg,https://shop.adidas.jp/photo/GY/GY1892/s-GY1892-74-RqKkg84YJ4.jpg,https://shop.adidas.jp/photo/GY/GY1892/s-GY1892-standard-top_portrait_view-DBh2BlmrQm.jpg,https://shop.adidas.jp/photo/GY/GY1892/s-GY1892-standard-bottom_view-GNW5Lha6kY.jpg,https://shop.adidas.jp/photo/GY/GY1892/s-GY1892-standard-front_lateral_top_view-KDEqef7dcx.jpg,https://shop.adidas.jp/photo/GY/GY1892/s-GY1892-standard-back_lateral_top_view-RCHkgQOIZF.jpg,https://shop.adidas.jp/photo/GY/GY1892/s-GY1892-standard-side_medial_center_view-5onEDbqjrZ.jpg,https://shop.adidas.jp/photo/GY/GY1892/s-GY1892-standard-detail_view_1-Quc44uSscD.jpg,https://shop.adidas.jp/photo/GY/GY1892/s-GY1892-standard-detail_view_2-mX1HQJsZZj.jpg","22.0cm,22.5cm,23.0cm,23.5cm,24.0cm,24.5cm,25.0cm,25.5cm,26.0cm,26.5cm,27.0cm,27.5cm,28.0cm,28.5cm,29.0cm,29.5cm","小さめ,適切,大きめ,",,愛される要素がたくさん詰まった、リサイクル素材を一部用いたシューズ。,"この世には一緒になることでより良くなる物がある。ピーナッツバターとジャムとか、またはこのスタンスミスとそれを履く人とか。そんなお似合いのペアを祝福して、シュータンには、共にいることの大切さを思い出させてくれる""be the peanut to my jelly""のレタリングをあしらっている。他に一緒にした方がいいものは？　もちろん、このシューズの汎用性に優れたスタイルと、クローゼットの中にあるあらゆるウェア。好きにならずにいられないはず。

アッパーにはリサイクル素材を50％以上使用するなど、プラスチック廃棄物ゼロを目指すアディダスの取り組みの一つをカタチにしたアイテム。","レギュラーフィット,シューレースクロージャー,合成アッパー / キャンバスメッシュのシュータン,テキスタイルライニング,ラバーアウトソール,アッパーには、リサイクル素材を50％以上使用,商品番号：GY1892,色：ゴールデンベージュ/クリームホワイト/カレッジバーガンディ",,4.6,5,100%,"[('2022-10-25', '4.6 ', '満足です！', 'スタンスミス6足目になります。完全に一目惚れして購入。サイズも質感も満足の一足となりました。カッコかわいい感じで、男女問わず履けると思います！', 'maru'), ('2022-10-26', '5 ', '期待通りの可愛さ！', '妻へのプレゼント用に購入しました。どの角度から見ても可愛くて、自分用も欲しくなってしまいました。あとは妻へ渡して喜んでくれれば文句なしです！', 'ichiaki0518'), ('2022-11-09', '5 ', '良い色', '足のサイズは25.5で、薄手の靴下で25.5cmを履くとピッタリでした。性別を問わないデザインと色が可愛いです。', 'shuhei'), ('2022-09-11', '4 ', '感想', 'スタンスミスの購入は初めてです。幅がやや狭いので少し大きめのサイズを選ぶことを奨める意見を読んでいました。しかしいつも買うアディダスの靴と同じサイズを選択しました。歩き始めて10分ぐらいで少し右足が重苦しい感じがありました。結局45分4000歩のぶらぶら歩きでしたが、その重苦しさは軽快消失することはありませんでしたが、気になるほどではありませんでした。大きめのサイズを選ぶことに私は同意しません。', 'sk0123'), ('2022-11-10', '4 ', 'デザインが素敵', '見た目が良いし、履き心地も良いです。\nスエードの色と差し色のピンクが絶妙で、周りからも高評価でした。', 'kotora')]",2.8 / 5,3 / 5,4.6 / 5,4.2 / 5,"シューズ・靴,スニーカー,オリジナルス,スタンスミス,ローカット,LKN87"
